master_source_id,source_group,source_title,source_url_or_identifier,source_type,package_filename,internal_source_id,country_or_region,care_setting,evidence_quality,notes,date_packaged
RF-SRC-001,Research F consolidated source,AHRQ Diagnostic Safety and Quality,https://www.ahrq.gov/diagnostic-safety/index.html,federal agency program page,research_evidence_package_clinician_side_diagnostic_pain_points_2026-05-30.tar.gz,S001,United States,all settings,high,Raw source file was not downloaded; source summary file created from completed research notes.,2026-05-30
RF-SRC-002,Research F consolidated source,Improving Diagnosis in Health Care,https://www.nationalacademies.org/read/21794/chapter/1,consensus report,research_evidence_package_clinician_side_diagnostic_pain_points_2026-05-30.tar.gz,S002,United States,all settings,high,Raw source file was not downloaded; source summary file created from completed research notes.,2026-05-30
RF-SRC-003,Research F consolidated source,Core Elements of Hospital Diagnostic Excellence,https://www.cdc.gov/patient-safety/hcp/hospital-dx-excellence/index.html,federal framework,research_evidence_package_clinician_side_diagnostic_pain_points_2026-05-30.tar.gz,S003,United States,hospital / acute care,high,Raw source file was not downloaded; source summary file created from completed research notes.,2026-05-30
RF-SRC-004,Research F consolidated source,Diagnostic Errors: Technical Series on Safer Primary Care,https://www.who.int/publications/i/item/9789241511636,technical document,research_evidence_package_clinician_side_diagnostic_pain_points_2026-05-30.tar.gz,S004,Global,primary care,high,Raw source file was not downloaded; source summary file created from completed research notes.,2026-05-30
RF-SRC-005,Research F consolidated source,Information Overload and Missed Test Results in Electronic Health Record-Based Settings,https://jamanetwork.com/journals/jamainternalmedicine/fullarticle/1657753,peer-reviewed survey,research_evidence_package_clinician_side_diagnostic_pain_points_2026-05-30.tar.gz,S005,United States,VA primary care,high,Raw source file was not downloaded; source summary file created from completed research notes.,2026-05-30
RF-SRC-006,Research F consolidated source,Types and Origins of Diagnostic Errors in Primary Care Settings,https://jamanetwork.com/journals/jamainternalmedicine/fullarticle/1656540,peer-reviewed study,research_evidence_package_clinician_side_diagnostic_pain_points_2026-05-30.tar.gz,S006,United States,primary care,high,Raw source file was not downloaded; source summary file created from completed research notes.,2026-05-30
RF-SRC-007,Research F consolidated source,Time Pressure During Primary Care Office Visits,https://link.springer.com/article/10.1007/s11606-019-05343-6,peer-reviewed prospective analysis,research_evidence_package_clinician_side_diagnostic_pain_points_2026-05-30.tar.gz,S007,United States,primary care,high,Raw source file was not downloaded; source summary file created from completed research notes.,2026-05-30
RF-SRC-008,Research F consolidated source,Diagnostic uncertainty in real-world primary care consultations,https://link.springer.com/article/10.1186/s12875-024-02526-x,peer-reviewed qualitative study,research_evidence_package_clinician_side_diagnostic_pain_points_2026-05-30.tar.gz,S008,United Kingdom,general practice,medium-high,Raw source file was not downloaded; source summary file created from completed research notes.,2026-05-30
RF-SRC-009,Research F consolidated source,Continuity of care: delayed diagnosis in GP practices,https://www.hssib.org.uk/patient-safety-investigations/continuity-of-care-delayed-diagnosis-in-gp-practices/,official safety investigation,research_evidence_package_clinician_side_diagnostic_pain_points_2026-05-30.tar.gz,S009,England,general practice / ED / oncology,high,Raw source file was not downloaded; source summary file created from completed research notes.,2026-05-30
RF-SRC-010,Research F consolidated source,Workforce and patient safety: online consultation tools in general practice,https://www.hssib.org.uk/patient-safety-investigations/workforce-and-patient-safety/second-investigation-report/,official safety investigation,research_evidence_package_clinician_side_diagnostic_pain_points_2026-05-30.tar.gz,S010,England,general practice / online consultation,high,Raw source file was not downloaded; source summary file created from completed research notes.,2026-05-30
RF-SRC-011,Research F consolidated source,The impact of staff fatigue on patient safety,https://www.hssib.org.uk/patient-safety-investigations/the-impact-of-staff-fatigue-on-patient-safety/investigation-report/,official safety investigation,research_evidence_package_clinician_side_diagnostic_pain_points_2026-05-30.tar.gz,S011,England,acute hospitals,high,Raw source file was not downloaded; source summary file created from completed research notes.,2026-05-30
RF-SRC-012,Research F consolidated source,Diagnostic Errors in the Emergency Department: A Systematic Review,https://www.ncbi.nlm.nih.gov/sites/books/NBK588118/,systematic review,research_evidence_package_clinician_side_diagnostic_pain_points_2026-05-30.tar.gz,S012,Mostly United States,emergency department,high,Raw source file was not downloaded; source summary file created from completed research notes.,2026-05-30
RF-SRC-013,Research F consolidated source,AHRQ Report on Diagnostic Errors in the Emergency Department: The Wrong Answer to the Wrong Question,https://psnet.ahrq.gov/issue/ahrq-report-diagnostic-errors-emergency-department-wrong-answer-wrong-question,peer-reviewed commentary summary,research_evidence_package_clinician_side_diagnostic_pain_points_2026-05-30.tar.gz,S013,United States,emergency department,medium,Raw source file was not downloaded; source summary file created from completed research notes.,2026-05-30
RF-SRC-014,Research F consolidated source,It is the patient that suffers from poor communication: communication barriers during nurse handovers in Ghanaian hospitals,https://www.sciencedirect.com/science/article/pii/S266732152400091X,peer-reviewed qualitative study,research_evidence_package_clinician_side_diagnostic_pain_points_2026-05-30.tar.gz,S014,Ghana,"referral hospitals: ED, ICU, wards, maternity",medium,Raw source file was not downloaded; source summary file created from completed research notes.,2026-05-30
RF-SRC-015,Research F consolidated source,Assessments Under Pressure: Interviews With Triage Nurses in Emergency Care,https://research-portal.uea.ac.uk/en/publications/assessments-under-pressure-interviews-with-triage-nurses-in-emerg/,peer-reviewed qualitative study,research_evidence_package_clinician_side_diagnostic_pain_points_2026-05-30.tar.gz,S015,United Kingdom,emergency department triage,medium,Raw source file was not downloaded; source summary file created from completed research notes.,2026-05-30
RF-SRC-016,Research F consolidated source,Closing the loop on diagnostic referrals,https://bmjopenquality.bmj.com/content/10/4/e001603,peer-reviewed systems-engineering analysis,research_evidence_package_clinician_side_diagnostic_pain_points_2026-05-30.tar.gz,S016,United States,primary-specialty referrals,medium-high,Raw source file was not downloaded; source summary file created from completed research notes.,2026-05-30
RF-SRC-017,Research F consolidated source,Primary care-specialist communication gaps despite electronic health record diffusion,https://pmc.ncbi.nlm.nih.gov/articles/PMC9328695/,peer-reviewed survey,research_evidence_package_clinician_side_diagnostic_pain_points_2026-05-30.tar.gz,S017,United States,primary / specialty care,medium-high,Raw source file was not downloaded; source summary file created from completed research notes.,2026-05-30
RF-SRC-018,Research F consolidated source,EHR usability and abnormal test-result management simulation,https://pmc.ncbi.nlm.nih.gov/articles/PMC6450327/,JAMA Network Open quality-improvement simulation,research_evidence_package_clinician_side_diagnostic_pain_points_2026-05-30.tar.gz,S018,United States,EHR test-result management,medium-high,Raw source file was not downloaded; source summary file created from completed research notes.,2026-05-30
RF-SRC-019,Research F consolidated source,Note bloat and EHR documentation burden,https://pmc.ncbi.nlm.nih.gov/articles/PMC11852943/,peer-reviewed / expert review,research_evidence_package_clinician_side_diagnostic_pain_points_2026-05-30.tar.gz,S019,United States,EHR documentation across settings,medium,Raw source file was not downloaded; source summary file created from completed research notes.,2026-05-30
RF-SRC-020,Research F consolidated source,The influence of difficult patient behaviour on physicians’ diagnostic performance,https://qualitysafety.bmj.com/content/26/1/13,peer-reviewed experiments,research_evidence_package_clinician_side_diagnostic_pain_points_2026-05-30.tar.gz,S020,Netherlands,physician diagnostic reasoning,medium,Raw source file was not downloaded; source summary file created from completed research notes.,2026-05-30
RF-SRC-021,Research F consolidated source,Diagnostic overshadowing in emergency departments,https://journals.plos.org/plosone/article?id=10.1371%2Fjournal.pone.0111682,peer-reviewed qualitative study,research_evidence_package_clinician_side_diagnostic_pain_points_2026-05-30.tar.gz,S021,United Kingdom,ED and psychiatric liaison,medium,Raw source file was not downloaded; source summary file created from completed research notes.,2026-05-30
RF-SRC-022,Research F consolidated source,Rural India community health workers and early cancer detection,https://link.springer.com/article/10.1186/s12889-025-22735-y,peer-reviewed qualitative study,research_evidence_package_clinician_side_diagnostic_pain_points_2026-05-30.tar.gz,S022,India,rural / community health,medium-high,Raw source file was not downloaded; source summary file created from completed research notes.,2026-05-30
RF-SRC-023,Research F consolidated source,Lancet Commission on diagnostics / diagnostic access gap,https://pmc.ncbi.nlm.nih.gov/articles/PMC8654090/,commission summary / review,research_evidence_package_clinician_side_diagnostic_pain_points_2026-05-30.tar.gz,S023,Global / LMIC,low-resource primary care,high,Raw source file was not downloaded; source summary file created from completed research notes.,2026-05-30
RF-SRC-024,Research F consolidated source,KevinMD emergency diagnostic-error podcast / clinician commentary,https://www.kevinmd.com/2025/04/how-to-reduce-diagnostic-error-in-the-emergency-department-podcast.html,clinician podcast/blog commentary,research_evidence_package_clinician_side_diagnostic_pain_points_2026-05-30.tar.gz,S024,United States,emergency department,low-medium,Raw source file was not downloaded; source summary file created from completed research notes.,2026-05-30
RF-SRC-025,Research F consolidated source,Improving Diagnosis in Health Care,https://www.nationalacademies.org/projects/IOM-HCS-13-03/publication/21794,medical literature / national report,research_evidence_package_global_health_issue_identification_2026-05-30.tar.gz,S001,US / generalizable,all care settings,high,"Raw file is a source-summary stub, not a full web capture.",2026-05-30
RF-SRC-026,Research F consolidated source,The Economics of Diagnostic Safety,https://www.oecd.org/en/publications/the-economics-of-diagnostic-safety_fc61057a-en.html,public health-system report,research_evidence_package_global_health_issue_identification_2026-05-30.tar.gz,S002,OECD countries,all care settings,high,"Raw file is a source-summary stub, not a full web capture.",2026-05-30
RF-SRC-027,Research F consolidated source,Diagnostic Safety and Quality,https://www.ahrq.gov/diagnostic-safety/index.html,patient safety / government resource,research_evidence_package_global_health_issue_identification_2026-05-30.tar.gz,S003,US,all care settings,high,"Raw file is a source-summary stub, not a full web capture.",2026-05-30
RF-SRC-028,Research F consolidated source,Diagnostic Errors in the Emergency Department: A Systematic Review,https://psnet.ahrq.gov/issue/diagnostic-errors-emergency-department-systematic-review?utm_source=chatgpt.com,evidence review summary,research_evidence_package_global_health_issue_identification_2026-05-30.tar.gz,S004,US,emergency department,high,"Raw file is a source-summary stub, not a full web capture.",2026-05-30
RF-SRC-029,Research F consolidated source,Continuity of care: delayed diagnosis in GP practices,https://www.hssib.org.uk/patient-safety-investigations/continuity-of-care-delayed-diagnosis-in-gp-practices/investigation-report/,patient safety investigation,research_evidence_package_global_health_issue_identification_2026-05-30.tar.gz,S005,England,primary care / GP / ED / physiotherapy,high,"Raw file is a source-summary stub, not a full web capture.",2026-05-30
RF-SRC-030,Research F consolidated source,Patients being harmed due to repeated mistakes reading scans,https://www.ombudsman.org.uk/news-and-blog/news/patients-being-harmed-due-repeated-mistakes-reading-scans,patient complaint / ombudsman report,research_evidence_package_global_health_issue_identification_2026-05-30.tar.gz,S006,UK,imaging / hospital / ED,high,"Raw file is a source-summary stub, not a full web capture.",2026-05-30
RF-SRC-031,Research F consolidated source,More action on sepsis needed as NHS Ombudsman still seeing same failings a decade on,https://www.ombudsman.org.uk/news-and-blog/news/more-action-sepsis-needed-nhs-ombudsman-still-seeing-same-failings-decade,patient complaint / ombudsman report,research_evidence_package_global_health_issue_identification_2026-05-30.tar.gz,S007,UK,hospital / ED / inpatient,high,"Raw file is a source-summary stub, not a full web capture.",2026-05-30
RF-SRC-032,Research F consolidated source,International Health Care System Profiles: Israel,https://www.commonwealthfund.org/international-health-policy-center/countries/israel,health-system profile,research_evidence_package_global_health_issue_identification_2026-05-30.tar.gz,S008,Israel,primary care / specialist / ED,high,"Raw file is a source-summary stub, not a full web capture.",2026-05-30
RF-SRC-033,Research F consolidated source,Health Systems in Action: Israel 2024,https://eurohealthobservatory.who.int/publications/i/health-systems-in-action-israel-2024,health-system report,research_evidence_package_global_health_issue_identification_2026-05-30.tar.gz,S009,Israel,health system / periphery access,high,"Raw file is a source-summary stub, not a full web capture.",2026-05-30
RF-SRC-034,Research F consolidated source,Healthcare access and barriers among Bedouin communities in Israel,https://link.springer.com/article/10.1186/s12939-025-02398-2,peer-reviewed study,research_evidence_package_global_health_issue_identification_2026-05-30.tar.gz,S010,Israel / Negev Bedouin,community / primary care,medium,"Raw file is a source-summary stub, not a full web capture.",2026-05-30
RF-SRC-035,Research F consolidated source,International Health Care System Profiles: India,https://www.commonwealthfund.org/taxonomy/term/8,health-system profile,research_evidence_package_global_health_issue_identification_2026-05-30.tar.gz,S011,India,public/private primary care / CHC / hospital,high,"Raw file is a source-summary stub, not a full web capture.",2026-05-30
RF-SRC-036,Research F consolidated source,Non-allopathic provider referral intervention for TB diagnosis,https://journals.plos.org/globalpublichealth/article?id=10.1371%2Fjournal.pgph.0004416,peer-reviewed intervention study,research_evidence_package_global_health_issue_identification_2026-05-30.tar.gz,S012,India,community / informal / TB diagnostic pathway,high,"Raw file is a source-summary stub, not a full web capture.",2026-05-30
RF-SRC-037,Research F consolidated source,Early cancer detection barriers involving community health workers in rural India,https://link.springer.com/article/10.1186/s12889-025-22735-y,peer-reviewed qualitative study/review,research_evidence_package_global_health_issue_identification_2026-05-30.tar.gz,S013,India,rural community health,medium,"Raw file is a source-summary stub, not a full web capture.",2026-05-30
RF-SRC-038,Research F consolidated source,International Health Care System Profiles: China,https://www.commonwealthfund.org/taxonomy/term/3,health-system profile,research_evidence_package_global_health_issue_identification_2026-05-30.tar.gz,S014,China,village clinic / hospital outpatient / ED,high,"Raw file is a source-summary stub, not a full web capture.",2026-05-30
RF-SRC-039,Research F consolidated source,International Health Care System Profiles: Japan,https://www.commonwealthfund.org/taxonomy/term/11,health-system profile,research_evidence_package_global_health_issue_identification_2026-05-30.tar.gz,S015,Japan,clinic / hospital outpatient / ED,high,"Raw file is a source-summary stub, not a full web capture.",2026-05-30
RF-SRC-040,Research F consolidated source,International Health Care System Profiles: Taiwan,https://www.commonwealthfund.org/taxonomy/term/18,health-system profile,research_evidence_package_global_health_issue_identification_2026-05-30.tar.gz,S016,Taiwan,clinic / hospital outpatient / ED,high,"Raw file is a source-summary stub, not a full web capture.",2026-05-30
RF-SRC-041,Research F consolidated source,International Health Care System Profiles: Brazil,https://www.commonwealthfund.org/taxonomy/term/5436,health-system profile,research_evidence_package_global_health_issue_identification_2026-05-30.tar.gz,S017,Brazil,community health center / primary care / referral,high,"Raw file is a source-summary stub, not a full web capture.",2026-05-30
RF-SRC-042,Research F consolidated source,Health Systems in Action: Mexico 2024,https://eurohealthobservatory.who.int/publications/i/health-systems-in-action-2024-mexico,health-system report,research_evidence_package_global_health_issue_identification_2026-05-30.tar.gz,S018,Mexico,public/private outpatient / hospital,high,"Raw file is a source-summary stub, not a full web capture.",2026-05-30
RF-SRC-043,Research F consolidated source,Lives and economies at risk from weak primary health care in Latin America and Caribbean,https://www.paho.org/en/news/29-9-2025-lives-and-economies-risk-weak-primary-health-care-latin-america-and-caribbean-world,regional health-system report/news,research_evidence_package_global_health_issue_identification_2026-05-30.tar.gz,S019,Latin America and Caribbean,primary care / public health,high,"Raw file is a source-summary stub, not a full web capture.",2026-05-30
RF-SRC-044,Research F consolidated source,Patients’ pathways to cancer diagnosis and treatment in Tanzania,https://link.springer.com/article/10.1186/s12913-021-07438-5,peer-reviewed qualitative study,research_evidence_package_global_health_issue_identification_2026-05-30.tar.gz,S020,Tanzania,"rural/urban clinics, hospitals, national referral cancer care",high,"Raw file is a source-summary stub, not a full web capture.",2026-05-30
RF-SRC-045,Research F consolidated source,WHO RAcE / iCCM programme,https://www.who.int/teams/global-malaria-programme/case-management/community-based-case-management-race-programme,WHO programme report,research_evidence_package_global_health_issue_identification_2026-05-30.tar.gz,S021,"DRC, Malawi, Mozambique, Niger, Nigeria",community health / CHW,high,"Raw file is a source-summary stub, not a full web capture.",2026-05-30
RF-SRC-046,Research F consolidated source,WHO Europe refugee and migrant health,https://www.who.int/europe/health-topics/refugee-and-migrant-health,WHO regional topic/report page,research_evidence_package_global_health_issue_identification_2026-05-30.tar.gz,S022,Europe,migrant/refugee primary care / public health / ED,high,"Raw file is a source-summary stub, not a full web capture.",2026-05-30
RF-SRC-047,Research F consolidated source,Improvement framework: community language translation and interpreting services,https://www.england.nhs.uk/long-read/improvement-framework-community-language-translation-and-interpreting-services/,clinical service framework,research_evidence_package_global_health_issue_identification_2026-05-30.tar.gz,S023,England,all NHS settings,high,"Raw file is a source-summary stub, not a full web capture.",2026-05-30
RF-SRC-048,Research F consolidated source,Language interpretation: migrant health guide,https://www.gov.uk/guidance/language-interpretation-migrant-health-guide,government guidance,research_evidence_package_global_health_issue_identification_2026-05-30.tar.gz,S024,UK,migrant health / all settings,high,"Raw file is a source-summary stub, not a full web capture.",2026-05-30
RF-SRC-049,Research F consolidated source,Health Catch-UP migrant screening tool,https://link.springer.com/article/10.1186/s12916-024-03713-4,peer-reviewed implementation study,research_evidence_package_global_health_issue_identification_2026-05-30.tar.gz,S025,UK,migrant/refugee primary care screening,medium,"Raw file is a source-summary stub, not a full web capture.",2026-05-30
RF-SRC-050,Research F consolidated source,When health care harms: Addressing Indigenous-specific racism in Canada,https://www.cpha.ca/when-health-care-harms-addressing-indigenous-specific-racism-canada,public-health commentary/report,research_evidence_package_global_health_issue_identification_2026-05-30.tar.gz,S026,Canada,ED / hospital / primary care,medium,"Raw file is a source-summary stub, not a full web capture.",2026-05-30
RF-SRC-051,Research F consolidated source,Cultural safety in health care for Indigenous Australians: monitoring framework,https://www.aihw.gov.au/reports/indigenous-australians/cultural-safety-health-care-framework/contents/summary,national health-data report,research_evidence_package_global_health_issue_identification_2026-05-30.tar.gz,S027,Australia,primary care / hospital / ED,high,"Raw file is a source-summary stub, not a full web capture.",2026-05-30
RF-SRC-052,Research F consolidated source,Transforming Emergency Departments towards Cultural Safety,https://www.clinicalexcellence.qld.gov.au/improvement-exchange/transforming-eds-towards-cultural-safety-tecs,health-service case study,research_evidence_package_global_health_issue_identification_2026-05-30.tar.gz,S028,Australia / Queensland,emergency department,medium,"Raw file is a source-summary stub, not a full web capture.",2026-05-30
RF-SRC-053,Research F consolidated source,Diagnostic excellence in US rural healthcare: a call to action,https://psnet.ahrq.gov/issue/diagnostic-excellence-us-rural-healthcare-call-action,patient-safety issue brief,research_evidence_package_global_health_issue_identification_2026-05-30.tar.gz,S029,Rural US,rural clinic / hospital / telehealth,high,"Raw file is a source-summary stub, not a full web capture.",2026-05-30
RF-SRC-054,Research F consolidated source,Why health care is harder to access in rural America,https://www.gao.gov/products/gao-23-106651,government report,research_evidence_package_global_health_issue_identification_2026-05-30.tar.gz,S030,Rural US,primary care / specialty care / telehealth,high,"Raw file is a source-summary stub, not a full web capture.",2026-05-30
RF-SRC-055,Research F consolidated source,"Emergency Severity Index (ESI): A Triage Tool for Emergency Department Care, Version 4",https://media.emscimprovement.center/documents/Emergency_Severity_Index_Handbook.pdf,clinical handbook / triage algorithm,research_evidence_package_health_system_patient_flows_2026-05-30.tar.gz,S01,US; used internationally,emergency department,high,metadata taken from completed workbook; author/org not normalized,2026-05-30
RF-SRC-056,Research F consolidated source,Diagnostic Errors in the Emergency Department: A Systematic Review,https://www.ncbi.nlm.nih.gov/books/NBK588197/,systematic review / AHRQ report,research_evidence_package_health_system_patient_flows_2026-05-30.tar.gz,S02,"US-focused literature, broader ED relevance",emergency department,high,metadata taken from completed workbook; author/org not normalized,2026-05-30
RF-SRC-057,Research F consolidated source,Guidance for emergency departments: initial assessment,https://www.england.nhs.uk/guidance-for-emergency-departments-initial-assessment/,national guidance,research_evidence_package_health_system_patient_flows_2026-05-30.tar.gz,S03,England,emergency department,high,metadata taken from completed workbook; author/org not normalized,2026-05-30
RF-SRC-058,Research F consolidated source,Initial Assessment of Emergency Department Patients,https://rcem.ac.uk/wp-content/uploads/2025/04/Initial-Assessment.pdf,professional college guidance,research_evidence_package_health_system_patient_flows_2026-05-30.tar.gz,S04,UK,emergency department,high,metadata taken from completed workbook; author/org not normalized,2026-05-30
RF-SRC-059,Research F consolidated source,Emergency Department Workflow Diagrams,https://www.ahrq.gov/sites/default/files/wysiwyg/professionals/quality-patient-safety/quality-resources/tools/cap-toolkit/ed-workflowdiagrams.pdf,implementation workflow diagrams,research_evidence_package_health_system_patient_flows_2026-05-30.tar.gz,S05,US,emergency department,medium,metadata taken from completed workbook; author/org not normalized,2026-05-30
RF-SRC-060,Research F consolidated source,Urgent care self-service,https://digital.nhs.uk/services/urgent-care-self-service-product,digital service description,research_evidence_package_health_system_patient_flows_2026-05-30.tar.gz,S06,England,urgent care / ED front door,medium,metadata taken from completed workbook; author/org not normalized,2026-05-30
RF-SRC-061,Research F consolidated source,Urgent treatment centres: principles and standards,https://www.england.nhs.uk/publication/urgent-treatment-centres-principles-and-standards/,national service standards,research_evidence_package_health_system_patient_flows_2026-05-30.tar.gz,S07,England,urgent treatment centre,high,metadata taken from completed workbook; author/org not normalized,2026-05-30
RF-SRC-062,Research F consolidated source,When to visit an urgent treatment centre,https://www.nhs.uk/nhs-services/urgent-and-emergency-care-services/when-to-visit-an-urgent-treatment-centre-urgent-care-centre-or-minor-injury-unit/,patient-facing service page,research_evidence_package_health_system_patient_flows_2026-05-30.tar.gz,S08,England,urgent treatment centre,medium,metadata taken from completed workbook; author/org not normalized,2026-05-30
RF-SRC-063,Research F consolidated source,Vital Signs in the Urgent Care Center,https://urgentcareassociation.org/wp-content/uploads/VITAL-SIGNS-IN-UC-CENTERS-04-2025_Revised.pdf,urgent care clinical policy,research_evidence_package_health_system_patient_flows_2026-05-30.tar.gz,S09,US,urgent care,medium,metadata taken from completed workbook; author/org not normalized,2026-05-30
RF-SRC-064,Research F consolidated source,Red Flags Identification and Intervention Policy for Urgent Care Centers,https://urgentcareassociation.org/wp-content/uploads/RED-FLAGS-04-2025_Revised.pdf,urgent care clinical policy,research_evidence_package_health_system_patient_flows_2026-05-30.tar.gz,S10,US,urgent care,medium,metadata taken from completed workbook; author/org not normalized,2026-05-30
RF-SRC-065,Research F consolidated source,NHS 111 online,https://111.nhs.uk/,patient-facing digital triage service,research_evidence_package_health_system_patient_flows_2026-05-30.tar.gz,S11,England,telehealth / urgent advice,medium,metadata taken from completed workbook; author/org not normalized,2026-05-30
RF-SRC-066,Research F consolidated source,NHS 111 online staff information,https://digital.nhs.uk/services/nhs-111-online,digital service guidance,research_evidence_package_health_system_patient_flows_2026-05-30.tar.gz,S12,England,telehealth / urgent advice,medium,metadata taken from completed workbook; author/org not normalized,2026-05-30
RF-SRC-067,Research F consolidated source,Digital tools for online consultation in general practice,https://www.hssib.org.uk/patient-safety-investigations/workforce-and-patient-safety/second-investigation-report/,patient safety investigation,research_evidence_package_health_system_patient_flows_2026-05-30.tar.gz,S13,England,primary care / telehealth,high,metadata taken from completed workbook; author/org not normalized,2026-05-30
RF-SRC-068,Research F consolidated source,Telehealth and Patient Safety,https://psnet.ahrq.gov/primer/telehealth-and-patient-safety,patient safety primer,research_evidence_package_health_system_patient_flows_2026-05-30.tar.gz,S14,US / international relevance,telehealth,high,metadata taken from completed workbook; author/org not normalized,2026-05-30
RF-SRC-069,Research F consolidated source,Modern General Practice Model,https://www.england.nhs.uk/long-read/modern-general-practice-model/,national primary-care access guidance,research_evidence_package_health_system_patient_flows_2026-05-30.tar.gz,S15,England,primary care,high,metadata taken from completed workbook; author/org not normalized,2026-05-30
RF-SRC-070,Research F consolidated source,Care navigation and triage in general practice,https://www.bma.org.uk/advice-and-support/gp-practices/gp-service-provision/care-navigation-and-triage-in-general-practice,professional guidance,research_evidence_package_health_system_patient_flows_2026-05-30.tar.gz,S16,UK,primary care,medium,metadata taken from completed workbook; author/org not normalized,2026-05-30
RF-SRC-071,Research F consolidated source,Suspected cancer: recognition and referral (NG12),https://www.nice.org.uk/guidance/NG12/,clinical guideline,research_evidence_package_health_system_patient_flows_2026-05-30.tar.gz,S17,England/Wales,primary care / referral,high,metadata taken from completed workbook; author/org not normalized,2026-05-30
RF-SRC-072,Research F consolidated source,Safety netting,https://www.cancerresearchuk.org/health-professional/diagnosis/primary-care/safety-netting,professional guidance / charity,research_evidence_package_health_system_patient_flows_2026-05-30.tar.gz,S18,UK,primary care,medium,metadata taken from completed workbook; author/org not normalized,2026-05-30
RF-SRC-073,Research F consolidated source,GP mythbuster: managing test results in general practice,https://www.cqc.org.uk/guidance-regulation/gps/gp-mythbusters,regulator guidance,research_evidence_package_health_system_patient_flows_2026-05-30.tar.gz,S19,England,primary care,high,metadata taken from completed workbook; author/org not normalized,2026-05-30
RF-SRC-074,Research F consolidated source,Continuity of care: delayed diagnosis in GP practices,https://www.hssib.org.uk/patient-safety-investigations/continuity-of-care-delayed-diagnosis-in-gp-practices/investigation-report/pdf/,patient safety investigation / case study,research_evidence_package_health_system_patient_flows_2026-05-30.tar.gz,S20,England,primary care / ED / oncology,high,metadata taken from completed workbook; author/org not normalized,2026-05-30
RF-SRC-075,Research F consolidated source,Jess's Rule: Three strikes and we rethink,https://www.england.nhs.uk/long-read/jesss-rule-three-strikes-and-we-rethink/,national primary-care safety initiative,research_evidence_package_health_system_patient_flows_2026-05-30.tar.gz,S21,England,primary care,medium,metadata taken from completed workbook; author/org not normalized,2026-05-30
RF-SRC-076,Research F consolidated source,"Years of being dismissed, ignored and belittled: Endometriosis UK diagnosis report",https://www.endometriosis-uk.org/diagnosis-report,advocacy survey / patient voice,research_evidence_package_health_system_patient_flows_2026-05-30.tar.gz,S22,UK,primary care / specialist referral,medium,metadata taken from completed workbook; author/org not normalized,2026-05-30
RF-SRC-077,Research F consolidated source,The impact of waiting for care,https://www.healthwatch.co.uk/report/2023-10-03/impact-waiting-care,patient voice / public health-system report,research_evidence_package_health_system_patient_flows_2026-05-30.tar.gz,S23,England,primary care / specialist referral,medium,metadata taken from completed workbook; author/org not normalized,2026-05-30
RF-SRC-078,Research F consolidated source,Patients being harmed due to repeated mistakes in reading scans,https://www.ombudsman.org.uk/news-and-blog/news/patients-being-harmed-due-repeated-mistakes-reading-scans,ombudsman patient-safety report,research_evidence_package_health_system_patient_flows_2026-05-30.tar.gz,S24,England,imaging / ED / hospital outpatient,high,metadata taken from completed workbook; author/org not normalized,2026-05-30
RF-SRC-079,Research F consolidated source,Failures in communication or follow-up of unexpected significant radiological findings,https://www.hssib.org.uk/patient-safety-investigations/failures-in-communication-or-follow-up-of-unexpected-significant-radiological-findings/,patient safety investigation,research_evidence_package_health_system_patient_flows_2026-05-30.tar.gz,S25,England,radiology / ED / primary care,high,metadata taken from completed workbook; author/org not normalized,2026-05-30
RF-SRC-080,Research F consolidated source,Core Elements of Hospital Diagnostic Excellence,https://www.cdc.gov/patient-safety/hcp/hospital-dx-excellence/index.html,public health guidance,research_evidence_package_health_system_patient_flows_2026-05-30.tar.gz,S26,US,hospital inpatient/outpatient,high,metadata taken from completed workbook; author/org not normalized,2026-05-30
RF-SRC-081,Research F consolidated source,Referral Assessment Services - NHS e-Referral Service,https://digital.nhs.uk/services/e-referral-service/document-library/referral-assessment-services,digital referral service guidance,research_evidence_package_health_system_patient_flows_2026-05-30.tar.gz,S27,England,specialist referral,high,metadata taken from completed workbook; author/org not normalized,2026-05-30
RF-SRC-082,Research F consolidated source,Diagnostic services - NHS e-Referral Service,https://digital.nhs.uk/services/e-referral-service/document-library/diagnostic-services,digital referral service guidance,research_evidence_package_health_system_patient_flows_2026-05-30.tar.gz,S28,England,diagnostic / outpatient,medium,metadata taken from completed workbook; author/org not normalized,2026-05-30
RF-SRC-083,Research F consolidated source,Outpatient recovery and transformation improvement guide,https://www.england.nhs.uk/long-read/outpatient-recovery-and-transformation-improvement-guide/,operational improvement guide,research_evidence_package_health_system_patient_flows_2026-05-30.tar.gz,S29,England,hospital outpatient / specialist,medium,metadata taken from completed workbook; author/org not normalized,2026-05-30
RF-SRC-084,Research F consolidated source,Health Center Program Compliance Manual: Continuity of Care and Hospital Admitting,https://bphc.hrsa.gov/compliance/compliance-manual/chapter7,federal compliance guidance,research_evidence_package_health_system_patient_flows_2026-05-30.tar.gz,S30,US,community health center / FQHC,high,metadata taken from completed workbook; author/org not normalized,2026-05-30
RF-SRC-085,Research F consolidated source,Health Center Program: Patient-Centered Medical Home,https://bphc.hrsa.gov/technical-assistance/clinical-quality-improvement/patient-centered-medical-home,federal program guidance,research_evidence_package_health_system_patient_flows_2026-05-30.tar.gz,S31,US,community health center / FQHC,medium,metadata taken from completed workbook; author/org not normalized,2026-05-30
RF-SRC-086,Research F consolidated source,Reach and effectiveness of a centralized navigation program for patients with positive FITs,https://www.sciencedirect.com/science/article/pii/S221133552300102X,peer-reviewed implementation study,research_evidence_package_health_system_patient_flows_2026-05-30.tar.gz,S32,US: North Carolina,FQHC / screening,medium,metadata taken from completed workbook; author/org not normalized,2026-05-30
RF-SRC-087,Research F consolidated source,Implementing a successful patient navigation program for follow-up colonoscopy after abnormal FIT,https://journals.plos.org/plosone/article?id=10.1371/journal.pone.0343659,peer-reviewed implementation study,research_evidence_package_health_system_patient_flows_2026-05-30.tar.gz,S33,US: Washington state,FQHC / screening,medium,metadata taken from completed workbook; author/org not normalized,2026-05-30
RF-SRC-088,Research F consolidated source,Bowel cancer screening,https://www.nhs.uk/tests-and-treatments/bowel-cancer-screening/,patient-facing screening pathway,research_evidence_package_health_system_patient_flows_2026-05-30.tar.gz,S34,England,public health screening,high,metadata taken from completed workbook; author/org not normalized,2026-05-30
RF-SRC-089,Research F consolidated source,Breast screening programme: pathway requirements,https://www.gov.uk/government/publications/breast-screening-programme-pathway-requirements/breast-screening-programme-pathway-requirements,national screening pathway,research_evidence_package_health_system_patient_flows_2026-05-30.tar.gz,S35,England,public health screening,high,metadata taken from completed workbook; author/org not normalized,2026-05-30
RF-SRC-090,Research F consolidated source,Cervical screening programme: pathway requirements,https://www.gov.uk/government/publications/cervical-screening-programme-pathway-requirements/cervical-screening-programme-pathway-requirements,national screening pathway,research_evidence_package_health_system_patient_flows_2026-05-30.tar.gz,S36,England,public health screening,high,metadata taken from completed workbook; author/org not normalized,2026-05-30
RF-SRC-091,Research F consolidated source,Patient Navigation,https://www.cdc.gov/cancer/php/interventions/patient-navigation.html,public health guidance,research_evidence_package_health_system_patient_flows_2026-05-30.tar.gz,S37,US,screening / community,high,metadata taken from completed workbook; author/org not normalized,2026-05-30
RF-SRC-092,Research F consolidated source,Ayushman Bharat: Comprehensive Primary Health Care through Health and Wellness Centres,https://aam.mohfw.gov.in/download/document/45a4ab64b74ab124cfd853ec9a0127e4.pdf,government operational guidelines,research_evidence_package_health_system_patient_flows_2026-05-30.tar.gz,S38,India,community health center / rural clinic,high,metadata taken from completed workbook; author/org not normalized,2026-05-30
RF-SRC-093,Research F consolidated source,Integrated Management of Childhood Illness,https://www.who.int/teams/maternal-newborn-child-adolescent-health-and-ageing/child-health/integrated-management-of-childhood-illness/,WHO clinical/public-health guidance,research_evidence_package_health_system_patient_flows_2026-05-30.tar.gz,S39,LMIC / global,low-resource clinic,high,metadata taken from completed workbook; author/org not normalized,2026-05-30
RF-SRC-094,Research F consolidated source,Integrated Community Case Management (iCCM),https://www.childhealthtaskforce.org/hubs/iccm,global child-health practice hub,research_evidence_package_health_system_patient_flows_2026-05-30.tar.gz,S40,LMIC / global,home/community visit,medium,metadata taken from completed workbook; author/org not normalized,2026-05-30
RF-SRC-095,Research F consolidated source,Community-based case management: the RAcE programme,https://www.who.int/teams/global-malaria-programme/case-management/community-based-case-management-race-programme,WHO programme documentation,research_evidence_package_health_system_patient_flows_2026-05-30.tar.gz,S41,"DRC, Malawi, Mozambique, Niger, Nigeria",home/community visit,medium,metadata taken from completed workbook; author/org not normalized,2026-05-30
RF-SRC-096,Research F consolidated source,Effectiveness of a structured triage system in a resource-limited rural hospital in Uganda,https://link.springer.com/article/10.1186/s12245-025-01005-z,peer-reviewed quality-improvement study,research_evidence_package_health_system_patient_flows_2026-05-30.tar.gz,S42,Uganda,rural clinic / outpatient department,medium,metadata taken from completed workbook; author/org not normalized,2026-05-30
RF-SRC-097,Research F consolidated source,Brazil's Family Health Strategy: Using Community Health Workers to Provide Primary Care,https://www.commonwealthfund.org/publications/case-study/2016/dec/brazils-family-health-strategy-using-community-health-care-workers,case study / health-system report,research_evidence_package_health_system_patient_flows_2026-05-30.tar.gz,S43,Brazil,home/community visit / primary care,medium,metadata taken from completed workbook; author/org not normalized,2026-05-30
RF-SRC-098,Research F consolidated source,HEARTS in the Americas: Hypertension Clinical Pathways,https://www.paho.org/en/hearts-americas/hypertension-clinical-pathways,regional public-health implementation guidance,research_evidence_package_health_system_patient_flows_2026-05-30.tar.gz,S44,Latin America / Caribbean,primary care / community health center,high,metadata taken from completed workbook; author/org not normalized,2026-05-30
RF-SRC-099,Research F consolidated source,Specific health checkup and specific health guidance,https://www.shoken-kenpo.or.jp/eng/member/checkup/measure.html,insurer health screening programme description,research_evidence_package_health_system_patient_flows_2026-05-30.tar.gz,S45,Japan,public health screening / workplace-insurance,medium,metadata taken from completed workbook; author/org not normalized,2026-05-30
RF-SRC-100,Research F consolidated source,National Health Screening Program,https://www.nhis.or.kr/english/wbhe/policies/NationalHealthScreeningProgram.html,national insurer screening programme,research_evidence_package_health_system_patient_flows_2026-05-30.tar.gz,S46,South Korea,public health screening,medium,metadata taken from completed workbook; author/org not normalized,2026-05-30
RF-SRC-101,Research F consolidated source,Danish Cancer Patient Pathways: three-legged strategy,https://www.all-can.org/efficiency-hub/danish-cancer-patient-pathways-three-legged-strategy-for-faster-referral-and-diagnosis-of-cancer/,health-system case study,research_evidence_package_health_system_patient_flows_2026-05-30.tar.gz,S47,Denmark,primary care / specialist diagnostics,medium,metadata taken from completed workbook; author/org not normalized,2026-05-30
RF-SRC-102,Research F consolidated source,Risk of cancer and serious disease in Danish patients with urgent referral for NSSC,https://www.nature.com/articles/s41416-024-02620-y,peer-reviewed cohort study,research_evidence_package_health_system_patient_flows_2026-05-30.tar.gz,S48,Denmark,specialist diagnostic centre,high,metadata taken from completed workbook; author/org not normalized,2026-05-30
RF-SRC-103,Research F consolidated source,Healthcare Israel,https://www1.health.gov.il/en/landing-pages/healthcare-israel/healthcare-israel/,Ministry of Health health-system overview,research_evidence_package_health_system_patient_flows_2026-05-30.tar.gz,S49,Israel,primary care / HMO,medium,metadata taken from completed workbook; author/org not normalized,2026-05-30
RF-SRC-104,Research F consolidated source,Maccabi Healthcare Services: Diagnostic Services,https://www.maccabi4u.co.il/en/46562/main_english/our-healthcare-system/diagnostic-services/,HMO diagnostic-service description,research_evidence_package_health_system_patient_flows_2026-05-30.tar.gz,S50,Israel,diagnostic / outpatient,medium,metadata taken from completed workbook; author/org not normalized,2026-05-30
RF-SRC-105,Research F consolidated source,WHO Package of Essential NCD Interventions (PEN),https://www.who.int/initiatives/who-pen,WHO primary-care implementation package,research_evidence_package_health_system_patient_flows_2026-05-30.tar.gz,S51,LMIC / global,primary care / low-resource clinic,high,metadata taken from completed workbook; author/org not normalized,2026-05-30
RF-SRC-106,Research F consolidated source,"Data analysis reveals common errors that prevent patients from getting timely, accurate diagnoses",https://home.ecri.org/blogs/ecri-news/data-analysis-reveals-common-errors-that-prevent-patients-from-getting-timely-accurate-diagnoses,patient safety analysis,research_evidence_package_health_system_patient_flows_2026-05-30.tar.gz,S52,US,cross-setting,medium,metadata taken from completed workbook; author/org not normalized,2026-05-30
RF-SRC-107,Research F consolidated source,Undiagnosed: When Your Rare Diagnosis Comes 30 Years Late,https://rarediseases.org/undiagnosed-when-your-rare-diagnosis-comes-30-years-late/,patient story / advocacy group,research_evidence_package_health_system_patient_flows_2026-05-30.tar.gz,S53,US,specialist / rare disease,low,metadata taken from completed workbook; author/org not normalized,2026-05-30
RF-SRC-108,Research F consolidated source,Living with CKD: diagnosis experiences,https://kidneycareuk.org/kidney-disease-information/your-stories/ckd-diagnosis-experiences/,patient stories / advocacy group,research_evidence_package_health_system_patient_flows_2026-05-30.tar.gz,S54,UK,primary care / chronic disease,low,metadata taken from completed workbook; author/org not normalized,2026-05-30
RF-SRC-109,Research F consolidated source,The Diagnosis They Missed: A Journey from Dismissal to Advocacy,https://www.rarediseaseday.org/heroes/the-diagnosis-they-missed-a-journey-from-dismissal-to-advocacy/,patient story / advocacy group,research_evidence_package_health_system_patient_flows_2026-05-30.tar.gz,S55,international / rare disease,primary care / specialist,low,metadata taken from completed workbook; author/org not normalized,2026-05-30
RF-SRC-110,Research F consolidated source,Types and Origins of Diagnostic Errors in Primary Care Settings,https://jamanetwork.com/journals/jamainternalmedicine/fullarticle/1656540,peer-reviewed diagnostic-error study,research_evidence_package_health_system_patient_flows_2026-05-30.tar.gz,S56,US,primary care,high,metadata taken from completed workbook; author/org not normalized,2026-05-30
RF-SRC-111,Research F consolidated source,Improving Diagnosis in Health Care,https://psnet.ahrq.gov/issue/improving-diagnosis-health-care,National Academies report summary via AHRQ PSNet,research_evidence_package_missed_signals_diagnostic_errors_2026-05-30.tar.gz,S-001,United States,Background context on diagnostic error burden,High,High: national consensus report summary,2026-05-30
RF-SRC-112,Research F consolidated source,The frequency of diagnostic errors in outpatient care,https://qualitysafety.bmj.com/content/23/9/727,Peer-reviewed BMJ Quality & Safety study,research_evidence_package_missed_signals_diagnostic_errors_2026-05-30.tar.gz,S-002,United States,Background estimate of outpatient diagnostic error,High,High: peer-reviewed empirical estimate,2026-05-30
RF-SRC-113,Research F consolidated source,AHRQ PSNet WebM&M case analyses,https://psnet.ahrq.gov/web-mm,Federal patient-safety case analyses,research_evidence_package_missed_signals_diagnostic_errors_2026-05-30.tar.gz,S-003,United States,Cases B-001 through B-017,High/medium,High/medium: expert case analyses; anonymous cases,2026-05-30
RF-SRC-114,Research F consolidated source,Betsy Lehman Center diagnostic-error case studies,https://betsylehmancenterma.gov/best-practices/diagnostic-error/case-studies,State patient-safety center case catalog,research_evidence_package_missed_signals_diagnostic_errors_2026-05-30.tar.gz,S-004,United States,Cases B-029 through B-032,Medium,Medium: curated case summaries,2026-05-30
RF-SRC-115,Research F consolidated source,HSSIB radiology follow-up investigation,https://www.hssib.org.uk/patient-safety-investigations/failures-in-communication-or-follow-up-of-unexpected-significant-radiological-findings/investigation-report/,National patient-safety investigation,research_evidence_package_missed_signals_diagnostic_errors_2026-05-30.tar.gz,S-005,England / United Kingdom,Case B-018,High,High: official safety investigation,2026-05-30
RF-SRC-116,Research F consolidated source,Woman diagnosed with terminal cervical cancer after NHS missed smear tests,https://www.independent.co.uk/news/health/cervical-cancer-screens-misdiagnosis-nhs-b2563898.html,News report with trust/legal statements,research_evidence_package_missed_signals_diagnostic_errors_2026-05-30.tar.gz,S-006,England / United Kingdom,Case B-019,Medium,Medium: public reporting with institutional response,2026-05-30
RF-SRC-117,Research F consolidated source,Long covid and medical gaslighting,https://www.sciencedirect.com/science/article/pii/S2667321522001299,Peer-reviewed qualitative survey,research_evidence_package_missed_signals_diagnostic_errors_2026-05-30.tar.gz,S-007,United States,Case/pattern B-020,Medium,Medium: patient survey; not a single verified chart case,2026-05-30
RF-SRC-118,Research F consolidated source,Dysautonomia International POTS Patient Survey,https://www.dysautonomiainternational.org/page.php?ID=184,Advocacy patient survey,research_evidence_package_missed_signals_diagnostic_errors_2026-05-30.tar.gz,S-008,International,Case/pattern B-021,Medium,"Medium: advocacy survey, large patient-reported sample",2026-05-30
RF-SRC-119,Research F consolidated source,Devon woman with ME inquest report,https://www.theguardian.com/society/article/2024/jul/22/devon-woman-with-me-asked-gp-to-help-her-get-enough-food-to-live-inquest-hears,News report of coroner's inquest,research_evidence_package_missed_signals_diagnostic_errors_2026-05-30.tar.gz,S-009,England / United Kingdom,Case B-022,Medium,Medium: inquest-based journalism,2026-05-30
RF-SRC-120,Research F consolidated source,Lupus personal essay,https://www.popsugar.com/health/how-i-got-my-lupus-diagnosis-personal-essay-49345999,Public patient essay,research_evidence_package_missed_signals_diagnostic_errors_2026-05-30.tar.gz,S-010,United States,Case B-023,Low,Low: individual public narrative,2026-05-30
RF-SRC-121,Research F consolidated source,Claire's Story: Gender Bias & the Long Road to Diagnosis,https://www.autoimmuneinstitute.org/autoimmune_stories/claires-story-gender-bias-the-long-road-to-diagnosis/,Advocacy patient story,research_evidence_package_missed_signals_diagnostic_errors_2026-05-30.tar.gz,S-011,United States,Case B-024,Low,Low: individual public narrative,2026-05-30
RF-SRC-122,Research F consolidated source,"Pathways to cervical cancer diagnosis among women in Accra, Ghana",https://doaj.org/article/7ae6f62fe6174a639fc8a63fd8a97cfd,Peer-reviewed qualitative study listing,research_evidence_package_missed_signals_diagnostic_errors_2026-05-30.tar.gz,S-012,Ghana,Case/pattern B-025,Medium,Medium: qualitative study; abstract/page-level extraction,2026-05-30
RF-SRC-123,Research F consolidated source,Barriers to prompt and effective malaria treatment among children in western Kenya,https://journals.plos.org/globalpublichealth/article?id=10.1371/journal.pgph.0001532,Peer-reviewed public-health study,research_evidence_package_missed_signals_diagnostic_errors_2026-05-30.tar.gz,S-013,Kenya,Case/pattern B-026,High,High: peer-reviewed field study,2026-05-30
RF-SRC-124,Research F consolidated source,Malaria RDT stockouts and readiness in Mozambique,https://link.springer.com/article/10.1186/1475-2875-13-295,Peer-reviewed Malaria Journal study,research_evidence_package_missed_signals_diagnostic_errors_2026-05-30.tar.gz,S-014,Mozambique,Case/pattern B-027,High,High: peer-reviewed facility study,2026-05-30
RF-SRC-125,Research F consolidated source,COVID-19 and Tuberculosis Co-Occurrence and Missed Opportunities,https://wwwnc.cdc.gov/eid/article/30/1/23-0924_article,CDC EID peer-reviewed article,research_evidence_package_missed_signals_diagnostic_errors_2026-05-30.tar.gz,S-015,"California, United States",Case/pattern B-028,High,High: public-health investigation,2026-05-30
RF-SRC-126,Research F consolidated source,Aggressive and dismissive treatment,https://www.careopinion.org.uk/1429947,public patient review,research_evidence_package_patient_complaints_identification_failures_2026-05-30.tar.gz,S001,UK,hospital / acute assessment,medium,Raw web page was not saved; source summary file created with URL and context.,2026-05-30
RF-SRC-127,Research F consolidated source,Doctors are not listening to me,https://www.careopinion.org.uk/1258944,public patient review,research_evidence_package_patient_complaints_identification_failures_2026-05-30.tar.gz,S002,UK,primary care,medium,Raw web page was not saved; source summary file created with URL and context.,2026-05-30
RF-SRC-128,Research F consolidated source,Left in pain and sent home with no diagnosis,https://www.careopinion.org.uk/1117906,public emergency department review,research_evidence_package_patient_complaints_identification_failures_2026-05-30.tar.gz,S003,"Scotland, UK",emergency department,medium,Raw web page was not saved; source summary file created with URL and context.,2026-05-30
RF-SRC-129,Research F consolidated source,Dismissed an elderly person,https://www.careopinion.org.uk/1349233,public family review,research_evidence_package_patient_complaints_identification_failures_2026-05-30.tar.gz,S004,"England, UK","A&E, GP, ambulance/111",medium,Raw web page was not saved; source summary file created with URL and context.,2026-05-30
RF-SRC-130,Research F consolidated source,My daughter’s experience at CAMHS,https://www.careopinion.org.uk/176152,public parent review,research_evidence_package_patient_complaints_identification_failures_2026-05-30.tar.gz,S005,"Scotland, UK",CAMHS / adolescent mental health,medium,Raw web page was not saved; source summary file created with URL and context.,2026-05-30
RF-SRC-131,Research F consolidated source,Denied ADHD referral,https://www.careopinion.org.uk/1167674,public patient review with service response,research_evidence_package_patient_complaints_identification_failures_2026-05-30.tar.gz,S006,"Scotland, UK",primary care to mental health referral,medium,Raw web page was not saved; source summary file created with URL and context.,2026-05-30
RF-SRC-132,Research F consolidated source,Wrongfully diagnosed,https://www.careopinion.org.uk/1378025,public patient review,research_evidence_package_patient_complaints_identification_failures_2026-05-30.tar.gz,S007,"England, UK","A&E, physiotherapy, community services",medium,Raw web page was not saved; source summary file created with URL and context.,2026-05-30
RF-SRC-133,Research F consolidated source,Broken trust - clinical failings,https://www.ombudsman.org.uk/publications/broken-trust-making-patient-safety-more-just-promise-report/broken-trust-our-casework-evidence-clinical-failings,official ombudsman report,research_evidence_package_patient_complaints_identification_failures_2026-05-30.tar.gz,S008,"England, UK","hospital, ED, inpatient",high,Raw web page was not saved; source summary file created with URL and context.,2026-05-30
RF-SRC-134,Research F consolidated source,"Spotlight on sepsis: your stories, your rights",https://www.ombudsman.org.uk/spotlight-sepsis-your-stories-your-rights,official ombudsman report,research_evidence_package_patient_complaints_identification_failures_2026-05-30.tar.gz,S009,"England, UK","hospital, discharge, follow-up",high,Raw web page was not saved; source summary file created with URL and context.,2026-05-30
RF-SRC-135,Research F consolidated source,Sepsis caused by poor discharge and lack of follow-up,https://www.ombudsman.org.uk/publications/spotlight-sepsis-your-stories-your-rights/sepsis-caused-poor-discharge-and-lack-follow,official ombudsman case summary,research_evidence_package_patient_complaints_identification_failures_2026-05-30.tar.gz,S010,"England, UK",hospital discharge / follow-up,high,Raw web page was not saved; source summary file created with URL and context.,2026-05-30
RF-SRC-136,Research F consolidated source,Continuity of care: delayed diagnosis in GP practices,https://www.hssib.org.uk/patient-safety-investigations/continuity-of-care-delayed-diagnosis-in-gp-practices/investigation-report/,national patient-safety investigation,research_evidence_package_patient_complaints_identification_failures_2026-05-30.tar.gz,S011,"England, UK","GP, out-of-hours GP, ED, oncology",high,Raw web page was not saved; source summary file created with URL and context.,2026-05-30
RF-SRC-137,Research F consolidated source,Delayed diagnosis of diabetes in a child,https://www.hdc.org.nz/decisions/search-decisions/2023/20hdc02300/,official complaint decision,research_evidence_package_patient_complaints_identification_failures_2026-05-30.tar.gz,S012,New Zealand,primary care,high,Raw web page was not saved; source summary file created with URL and context.,2026-05-30
RF-SRC-138,Research F consolidated source,Delayed diagnosis of cancer due to missed histology results,https://www.hdc.org.nz/decisions/search-decisions/2025/22hdc02105/,official complaint decision,research_evidence_package_patient_complaints_identification_failures_2026-05-30.tar.gz,S013,New Zealand,secondary public hospital / shared clinical information system,high,Raw web page was not saved; source summary file created with URL and context.,2026-05-30
RF-SRC-139,Research F consolidated source,Management of abnormal test result,https://www.hdc.org.nz/decisions/search-decisions/2012/10hdc01419/,official complaint decision,research_evidence_package_patient_complaints_identification_failures_2026-05-30.tar.gz,S014,New Zealand,primary care,high,Raw web page was not saved; source summary file created with URL and context.,2026-05-30
RF-SRC-140,Research F consolidated source,Follow-up of test results,https://www.hdc.org.nz/news-resources/search-resources/articles/follow-up-of-test-results/,official guidance/article,research_evidence_package_patient_complaints_identification_failures_2026-05-30.tar.gz,S015,New Zealand,primary and secondary care,high,Raw web page was not saved; source summary file created with URL and context.,2026-05-30
RF-SRC-141,Research F consolidated source,Systemic issues within electronic referral system leading to delay,https://www.hdc.org.nz/decisions/search-decisions/2025/21hdc01378/,official complaint decision,research_evidence_package_patient_complaints_identification_failures_2026-05-30.tar.gz,S016,New Zealand,GP to hospital e-referral / gynecology,high,Raw web page was not saved; source summary file created with URL and context.,2026-05-30
RF-SRC-142,Research F consolidated source,Failures in surveillance and monitoring of incidental abnormal radiology finding,https://www.hdc.org.nz/decisions/search-decisions/2022/19hdc02197/,official complaint decision,research_evidence_package_patient_complaints_identification_failures_2026-05-30.tar.gz,S017,New Zealand,"radiology, private/public hospital",high,Raw web page was not saved; source summary file created with URL and context.,2026-05-30
RF-SRC-143,Research F consolidated source,Taya’s Story,https://www.endometriosis-uk.org/tayas-story,advocacy patient story,research_evidence_package_patient_complaints_identification_failures_2026-05-30.tar.gz,S018,UK,GP to specialist gynecology,medium,Raw web page was not saved; source summary file created with URL and context.,2026-05-30
RF-SRC-144,Research F consolidated source,Orla’s Story,https://www.endometriosis-uk.org/orlas-story,advocacy patient story,research_evidence_package_patient_complaints_identification_failures_2026-05-30.tar.gz,S019,UK,"primary care, fertility clinic, gynecology",medium,Raw web page was not saved; source summary file created with URL and context.,2026-05-30
RF-SRC-145,Research F consolidated source,Dipika’s Story,https://www.endometriosis-uk.org/dipikas-story,advocacy patient story,research_evidence_package_patient_complaints_identification_failures_2026-05-30.tar.gz,S020,UK,primary care to gynecology,medium,Raw web page was not saved; source summary file created with URL and context.,2026-05-30
RF-SRC-146,Research F consolidated source,Stephanie’s Story,https://www.endometriosis-uk.org/stephanies-story-0,advocacy patient story,research_evidence_package_patient_complaints_identification_failures_2026-05-30.tar.gz,S021,UK,"A&E, imaging, surgery",medium,Raw web page was not saved; source summary file created with URL and context.,2026-05-30
RF-SRC-147,Research F consolidated source,"Debbie Cameron, Merseyside",https://www.bowelcanceruk.org.uk/how-we-can-help/real-life-stories/personal-experiences/debbie-cameron%2C-merseyside/,advocacy patient story,research_evidence_package_patient_complaints_identification_failures_2026-05-30.tar.gz,S022,"England, UK","primary care, screening, colonoscopy",medium,Raw web page was not saved; source summary file created with URL and context.,2026-05-30
RF-SRC-148,Research F consolidated source,"Sarah McCollum, Surrey",https://www.bowelcanceruk.org.uk/how-we-can-help/real-life-stories/younger-people-with-bowel-cancer/sarah-mccollum-surrey/,advocacy patient story,research_evidence_package_patient_complaints_identification_failures_2026-05-30.tar.gz,S023,"England, UK","A&E, gynecology, screening, colonoscopy",medium,Raw web page was not saved; source summary file created with URL and context.,2026-05-30
RF-SRC-149,Research F consolidated source,Never Too Young campaign,https://www.bowelcanceruk.org.uk/campaigning/never-too-young/never-too-young-the-campaign/,advocacy research/campaign page,research_evidence_package_patient_complaints_identification_failures_2026-05-30.tar.gz,S024,UK,"primary care, referral, oncology",medium,Raw web page was not saved; source summary file created with URL and context.,2026-05-30
RF-SRC-150,Research F consolidated source,22-year-old diagnosed with terminal cancer after symptoms dismissed,https://people.com/22-year-old-diagnosed-with-terminal-cancer-after-docs-dismiss-symptoms-11855746,news patient story,research_evidence_package_patient_complaints_identification_failures_2026-05-30.tar.gz,S025,"England, UK","GP, A&E, imaging, oncology",low-medium,Raw web page was not saved; source summary file created with URL and context.,2026-05-30
RF-SRC-151,Research F consolidated source,Wrong diagnosis killing many patients in Nigerian hospitals,https://businessday.ng/health/article/wrong-diagnosis-killing-many-patients-in-nigerian-hospitals/,news health-system story,research_evidence_package_patient_complaints_identification_failures_2026-05-30.tar.gz,S026,Nigeria,"clinics/hospitals, labs, gynecology",low-medium,Raw web page was not saved; source summary file created with URL and context.,2026-05-30
RF-SRC-152,Research F consolidated source,"Victims of wrong diagnosis, prescriptions in Kaduna, Katsina, Kano decry rot",https://gazettengr.com/victims-of-wrong-diagnosis-prescriptions-in-kaduna-katsina-kano-decry-rot-in-nigerias-health-sector/,news report with patient accounts,research_evidence_package_patient_complaints_identification_failures_2026-05-30.tar.gz,S027,Nigeria,hospitals and labs,low,Raw web page was not saved; source summary file created with URL and context.,2026-05-30
RF-SRC-153,Research F consolidated source,Being sick to a cancer patient: pathways and system delay in South India,https://link.springer.com/article/10.1007/s40847-022-00221-0,peer-reviewed qualitative study,research_evidence_package_patient_complaints_identification_failures_2026-05-30.tar.gz,S028,"Bengaluru, South India","cancer help-seeking, referral",high,Raw web page was not saved; source summary file created with URL and context.,2026-05-30
RF-SRC-154,Research F consolidated source,Use of patient complaints to identify diagnosis-related safety concerns,https://psnet.ahrq.gov/issue/use-patient-complaints-identify-diagnosis-related-safety-concerns-mixed-method-evaluation,patient-safety literature summary,research_evidence_package_patient_complaints_identification_failures_2026-05-30.tar.gz,S029,United States / general,complaint review / diagnostic safety,high,Raw web page was not saved; source summary file created with URL and context.,2026-05-30
RF-SRC-155,Research F consolidated source,New study investigates diagnostic errors in English general practice,https://www.manchester.ac.uk/about/news/new-study-investigates-diagnostic-errors-in-english-general-practice/,academic press release,research_evidence_package_patient_complaints_identification_failures_2026-05-30.tar.gz,S030,"England, UK",general practice,high,Raw web page was not saved; source summary file created with URL and context.,2026-05-30
RF-SRC-156,Research F consolidated source,Diagnostic Errors in the Emergency Department,https://www.ncbi.nlm.nih.gov/sites/books/NBK588118/,systematic review,research_evidence_package_patient_complaints_identification_failures_2026-05-30.tar.gz,S031,US / international evidence base,emergency department,high,Raw web page was not saved; source summary file created with URL and context.,2026-05-30
RF-SRC-157,Research F consolidated source,"When doctors dismiss symptoms, patients suffer lasting harm",https://rutgershealth.org/news/when-doctors-dismiss-symptoms-patients-suffer-lasting-harm,academic health-system article,research_evidence_package_patient_complaints_identification_failures_2026-05-30.tar.gz,S032,international qualitative studies,difficult-to-diagnose chronic conditions,high,Raw web page was not saved; source summary file created with URL and context.,2026-05-30
RF-SRC-158,Research F consolidated source,Delayed Diagnosis in the Setting of Virtual Care,https://psnet.ahrq.gov/web-mm/delayed-diagnosis-setting-virtual-care-remembering-physical-examination,patient-safety case review,research_evidence_package_patient_complaints_identification_failures_2026-05-30.tar.gz,S033,United States,"telehealth, home health, emergency escalation",high,Raw web page was not saved; source summary file created with URL and context.,2026-05-30
RF-SRC-159,Research F consolidated source,Myasthenia Crisis after Delayed Diagnosis in a Medically Complex Patient,https://psnet.ahrq.gov/web-mm/myasthenia-crisis-after-delayed-diagnosis-medically-complex-patient,patient-safety case review,research_evidence_package_patient_complaints_identification_failures_2026-05-30.tar.gz,S034,United States,"ED, primary care, neurology",high,Raw web page was not saved; source summary file created with URL and context.,2026-05-30
RF-SRC-160,Research F consolidated source,Critical Echocardiogram Result Lost to Follow-up,https://psnet.ahrq.gov/web-mm/critical-echocardiogram-result-lost-follow,patient-safety case review,research_evidence_package_patient_complaints_identification_failures_2026-05-30.tar.gz,S035,United States,"hospital discharge, skilled nursing facility",high,Raw web page was not saved; source summary file created with URL and context.,2026-05-30
RF-SRC-161,Research F consolidated source,Martha’s Rule,https://www.england.nhs.uk/patient-safety/marthas-rule/,national patient-safety initiative,research_evidence_package_patient_complaints_identification_failures_2026-05-30.tar.gz,S036,"England, UK",inpatient acute care,high,Raw web page was not saved; source summary file created with URL and context.,2026-05-30
RF-SRC-162,Research F consolidated source,A very thorough doctor,https://www.careopinion.org.uk/1333013,public positive review,research_evidence_package_patient_complaints_identification_failures_2026-05-30.tar.gz,S037,UK,primary care / NHS-linked review,medium,Raw web page was not saved; source summary file created with URL and context.,2026-05-30
RF-SRC-163,Research F consolidated source,Consultant saw me as a whole person,https://www.careopinion.org.uk/1065736,public positive review,research_evidence_package_patient_complaints_identification_failures_2026-05-30.tar.gz,S038,Northern Ireland / UK,specialist outpatient / cancer-related care,medium,Raw web page was not saved; source summary file created with URL and context.,2026-05-30
RF-SRC-164,Research F consolidated source,Health visitor support for postpartum depression/anxiety,https://www.careopinion.org.uk/1328982,public positive review,research_evidence_package_patient_complaints_identification_failures_2026-05-30.tar.gz,S039,Northern Ireland / UK,home/community health visiting,medium,Raw web page was not saved; source summary file created with URL and context.,2026-05-30
SHM-SRC-001,Shared Health Memory researched source,The Brain-Gut Connection,https://www.hopkinsmedicine.org/health/wellness-and-prevention/the-brain-gut-connection,medical education page,shared_health_memory_research_package_2026-05-30.tar.gz,S001,United States,unknown,medium,Used only to distinguish biological term from product framing.,2026-05-30
SHM-SRC-002,Shared Health Memory researched source,Building a Second Brain overview,https://fortelabs.com/blog/basboverview/,framework/blog,shared_health_memory_research_package_2026-05-30.tar.gz,S002,United States/global,unknown,low,Not medical evidence; used to compare generic second-brain framing with medical adaptation.,2026-05-30
SHM-SRC-003,Shared Health Memory researched source,Improving Diagnosis in Health Care,https://www.nationalacademies.org/read/21794/chapter/1,major diagnostic safety report,shared_health_memory_research_package_2026-05-30.tar.gz,S003,United States,unknown,high,"Core support for collaborative memory, workflow, monitoring, and feedback.",2026-05-30
SHM-SRC-004,Shared Health Memory researched source,Patient-Centered Digital Health Records and Their Effects on Health Outcomes: Systematic Review,https://www.jmir.org/2022/12/e43086,systematic review,shared_health_memory_research_package_2026-05-30.tar.gz,S004,multiple/global,unknown,high,"Supports records access and patient engagement, but not passive portal-only design.",2026-05-30
SHM-SRC-005,Shared Health Memory researched source,OpenNotes Patient Safety Toolkit,https://www.opennotes.org/patient-safety-toolkit/,patient safety toolkit,shared_health_memory_research_package_2026-05-30.tar.gz,S005,United States/global,unknown,medium,Used for patient correction loop and patient voice protection.,2026-05-30
SHM-SRC-006,Shared Health Memory researched source,Association of patient portal access to notes with loop closure in primary care,https://academic.oup.com/jamia/article-abstract/31/3/622/7504885,observational study,shared_health_memory_research_package_2026-05-30.tar.gz,S006,United States,unknown,medium,Supports follow-up loop tracking and patient access to notes.,2026-05-30
SHM-SRC-007,Shared Health Memory researched source,OurNotes: Patients and Clinicians Creating Notes Together,https://www.jmir.org/2021/11/e29951,implementation study,shared_health_memory_research_package_2026-05-30.tar.gz,S007,United States,unknown,medium,Supports patient story memory and previsit Health Thread updates.,2026-05-30
SHM-SRC-008,Shared Health Memory researched source,OurDX: Patient and family contributions to diagnostic safety,https://pmc.ncbi.nlm.nih.gov/articles/PMC10879445/,peer-reviewed article,shared_health_memory_research_package_2026-05-30.tar.gz,S008,United States,unknown,high,Strong direct support for Shared Health Memory.,2026-05-30
SHM-SRC-009,Shared Health Memory researched source,High quality patient records,https://www.england.nhs.uk/long-read/high-quality-patient-records/,health-system guidance,shared_health_memory_research_package_2026-05-30.tar.gz,S009,England,unknown,high,Supports Health Threads as an improved problem-memory layer.,2026-05-30
SHM-SRC-010,Shared Health Memory researched source,Closing the loop in test result communication,https://link.springer.com/article/10.1186/s12913-020-05737-x,review,shared_health_memory_research_package_2026-05-30.tar.gz,S010,multiple/global,unknown,high,Core support for responsibility memory and pending-result ownership.,2026-05-30
SHM-SRC-011,Shared Health Memory researched source,Missed imaging follow-up and diagnostic delay,https://bmjopenquality.bmj.com/content/12/3/e002334,quality improvement / diagnostic safety article,shared_health_memory_research_package_2026-05-30.tar.gz,S011,United States/health system specific,unknown,medium,Supports black-zone tracking for imaging follow-up.,2026-05-30
SHM-SRC-012,Shared Health Memory researched source,Abnormal laboratory result follow-up program,https://academic.oup.com/jalm/article/10/5/1362/8154383,clinical laboratory medicine article,shared_health_memory_research_package_2026-05-30.tar.gz,S012,United States,unknown,medium,Supports abnormal-result ownership and follow-up tools.,2026-05-30
SHM-SRC-013,Shared Health Memory researched source,Integrating patient-generated health data into EHRs: scoping review,https://academic.oup.com/jamiaopen/article/3/4/619/5999185,scoping review,shared_health_memory_research_package_2026-05-30.tar.gz,S013,multiple/global,unknown,high,Supports selective ingestion and workflow integration.,2026-05-30
SHM-SRC-014,Shared Health Memory researched source,Clinical responsibilities and patient-generated health data,https://www.nature.com/articles/s41746-025-01680-5,digital medicine article,shared_health_memory_research_package_2026-05-30.tar.gz,S014,United States/health systems,unknown,high,Core safety support for avoiding raw data dumping.,2026-05-30
SHM-SRC-015,Shared Health Memory researched source,Electronic patient record systems thematic review,https://www.hssib.org.uk/patient-safety-investigations/electronic-patient-record-epr-systems-thematic-review/investigation-report/,patient safety investigation report,shared_health_memory_research_package_2026-05-30.tar.gz,S015,United Kingdom,unknown,high,Supports careful governance and workflow testing.,2026-05-30
SHM-SRC-016,Shared Health Memory researched source,Digital clinical safety assurance,https://www.england.nhs.uk/long-read/digital-clinical-safety-assurance/,clinical safety guidance,shared_health_memory_research_package_2026-05-30.tar.gz,S016,England,unknown,high,"Supports clinical safety case, governance, and clinician review requirements.",2026-05-30
SHM-SRC-017,Shared Health Memory researched source,Clinical Decision Support Software guidance,https://www.fda.gov/regulatory-information/search-fda-guidance-documents/clinical-decision-support-software,regulatory guidance,shared_health_memory_research_package_2026-05-30.tar.gz,S017,United States,unknown,high,Supports avoiding autonomous diagnosis and designing for transparency.,2026-05-30
SHM-SRC-018,Shared Health Memory researched source,HL7 FHIR International Patient Access Implementation Guide,https://build.fhir.org/ig/HL7/fhir-ipa/,technical standard / implementation guide,shared_health_memory_research_package_2026-05-30.tar.gz,S018,international,unknown,high,Supports interoperability layer concept.,2026-05-30
SHM-SRC-019,Shared Health Memory researched source,SMART on FHIR documentation,https://docs.smarthealthit.org/,technical documentation,shared_health_memory_research_package_2026-05-30.tar.gz,S019,international,unknown,high,Supports implementation feasibility.,2026-05-30
SHM-SRC-020,Shared Health Memory researched source,Patient Identification of Diagnostic Safety Blindspots through Shared Visit Notes,https://www.milbank.org/quarterly/articles/patient-identification-of-diagnostic-safety-blindspots-and-participation-in-good-catches-through-shared-visit-notes/,health policy / patient safety article,shared_health_memory_research_package_2026-05-30.tar.gz,S020,United States,unknown,medium,Supports correction loop and patient voice as safety mechanism.,2026-05-30
SHM-SRC-021,Shared Health Memory researched source,Global strategy on digital health 2020-2025,https://www.who.int/publications/i/item/9789240020924,global strategy report,shared_health_memory_research_package_2026-05-30.tar.gz,S021,global,unknown,high,Supports low-resource and regional adaptation cautions.,2026-05-30
WELLBE-SRC-001,WellBe v1 internal design source,vision.md,01_inputs/wellbe_v1_files/vision.md,uploaded internal product document,not applicable,WELLBE-DOC-001,not applicable,personal health platform design,internal product context,"WellBe vision guardrails: personal-first scope, user-controlled sharing, cross-patient opt-in only.",2026-05-30
WELLBE-SRC-002,WellBe v1 internal design source,wellbe_overview.md,01_inputs/wellbe_v1_files/wellbe_overview.md,uploaded internal product document,not applicable,WELLBE-DOC-002,not applicable,personal health platform design,internal product context,"WellBe v1 platform overview: data factory, modules, capabilities, safety, feature catalogue.",2026-05-30
WELLBE-SRC-003,WellBe v1 internal design source,wellbe_research_synthesis_canvas.tsx,01_inputs/wellbe_v1_files/wellbe_research_synthesis_canvas.tsx,uploaded internal product document,not applicable,WELLBE-DOC-003,not applicable,personal health platform design,internal product context,"Prior WellBe research synthesis canvas: validations, gaps, black zones, strategic recommendations.",2026-05-30
