_package_filename,fact_id,source_id,fact_summary,fact_context,country_or_region,setting_or_context,topic_category,evidence_quality,source_url_or_identifier,research_topic,notes,date_packaged,_package_tag,_internal_path
research_evidence_package_clinician_side_diagnostic_pain_points_2026-05-30.tar.gz,F001,S001,"AHRQ estimates 795,000 Americans die or are permanently disabled each year from disease misdiagnoses.",Burden estimate used as background anchor for diagnostic-safety importance.,United States,all settings,diagnostic burden,high,https://www.ahrq.gov/diagnostic-safety/index.html,Research D — clinician-side pain points in identifying health issues early,unknown,2026-05-30,clinician_side_diagnostic_pain_points,research_evidence_package/02_extracted_evidence/facts.csv
research_evidence_package_clinician_side_diagnostic_pain_points_2026-05-30.tar.gz,F002,S002,"Diagnosis is framed as a collaborative, patient-centered process rather than a single physician act.",National Academies framing for team-based diagnostic work.,United States,all settings,diagnostic process,high,https://www.nationalacademies.org/read/21794/chapter/1,Research D — clinician-side pain points in identifying health issues early,unknown,2026-05-30,clinician_side_diagnostic_pain_points,research_evidence_package/02_extracted_evidence/facts.csv
research_evidence_package_clinician_side_diagnostic_pain_points_2026-05-30.tar.gz,F003,S003,"CDC diagnostic-excellence framework includes ordering, interpreting, communicating, and acting on diagnostic tests.",Hospital diagnostic-excellence program design.,United States,hospital / acute care,diagnostic excellence,high,https://www.cdc.gov/patient-safety/hcp/hospital-dx-excellence/index.html,Research D — clinician-side pain points in identifying health issues early,unknown,2026-05-30,clinician_side_diagnostic_pain_points,research_evidence_package/02_extracted_evidence/facts.csv
research_evidence_package_clinician_side_diagnostic_pain_points_2026-05-30.tar.gz,F004,S005,VA primary care practitioners in the survey reported a median of 63 EHR alerts per day.,Metric reported in completed research as an alert-load anchor.,United States,VA primary care,alert fatigue,high,https://jamanetwork.com/journals/jamainternalmedicine/fullarticle/1657753,Research D — clinician-side pain points in identifying health issues early,unknown,2026-05-30,clinician_side_diagnostic_pain_points,research_evidence_package/02_extracted_evidence/facts.csv
research_evidence_package_clinician_side_diagnostic_pain_points_2026-05-30.tar.gz,F005,S005,55.6% of VA PCPs in the survey said the EHR notification system made it possible to miss test results.,Metric reported in completed research as a clinician-perceived safety risk.,United States,VA primary care,alert fatigue,high,https://jamanetwork.com/journals/jamainternalmedicine/fullarticle/1657753,Research D — clinician-side pain points in identifying health issues early,unknown,2026-05-30,clinician_side_diagnostic_pain_points,research_evidence_package/02_extracted_evidence/facts.csv
research_evidence_package_clinician_side_diagnostic_pain_points_2026-05-30.tar.gz,F006,S005,29.8% of surveyed VA PCPs reported personally missing abnormal lab/imaging results that delayed care.,Metric reported in completed research.,United States,VA primary care,missed abnormal results,high,https://jamanetwork.com/journals/jamainternalmedicine/fullarticle/1657753,Research D — clinician-side pain points in identifying health issues early,unknown,2026-05-30,clinician_side_diagnostic_pain_points,research_evidence_package/02_extracted_evidence/facts.csv
research_evidence_package_clinician_side_diagnostic_pain_points_2026-05-30.tar.gz,F007,S007,67% of clinicians in the time-pressure study needed more time for new patients and 53% for follow-ups.,Metric reported in completed research.,United States,primary care,time pressure,high,https://link.springer.com/article/10.1007/s11606-019-05343-6,Research D — clinician-side pain points in identifying health issues early,unknown,2026-05-30,clinician_side_diagnostic_pain_points,research_evidence_package/02_extracted_evidence/facts.csv
research_evidence_package_clinician_side_diagnostic_pain_points_2026-05-30.tar.gz,F008,S009,The HSSIB Brian case involved an eight-month delay before diagnosis of spinal metastatic cancer.,Case timeline from official safety investigation.,England,general practice / ED / oncology,continuity failure,high,https://www.hssib.org.uk/patient-safety-investigations/continuity-of-care-delayed-diagnosis-in-gp-practices/,Research D — clinician-side pain points in identifying health issues early,unknown,2026-05-30,clinician_side_diagnostic_pain_points,research_evidence_package/02_extracted_evidence/facts.csv
research_evidence_package_clinician_side_diagnostic_pain_points_2026-05-30.tar.gz,F009,S012,The AHRQ ED review found the top 15 conditions accounted for 68% of serious misdiagnosis-related harms.,Metric reported in completed research.,Mostly United States,emergency department,ED diagnostic error,high,https://www.ncbi.nlm.nih.gov/sites/books/NBK588118/,Research D — clinician-side pain points in identifying health issues early,unknown,2026-05-30,clinician_side_diagnostic_pain_points,research_evidence_package/02_extracted_evidence/facts.csv
research_evidence_package_clinician_side_diagnostic_pain_points_2026-05-30.tar.gz,F010,S016,Closed-loop referral literature cited 65%–73% failure rates for diagnostic referrals.,Metric reported in completed research.,United States,primary-specialty referrals,referral loop failure,medium-high,https://bmjopenquality.bmj.com/content/10/4/e001603,Research D — clinician-side pain points in identifying health issues early,unknown,2026-05-30,clinician_side_diagnostic_pain_points,research_evidence_package/02_extracted_evidence/facts.csv
research_evidence_package_clinician_side_diagnostic_pain_points_2026-05-30.tar.gz,F011,S023,The Lancet diagnostics source reported that 47% of the world has little or no access to diagnostics.,Global diagnostic access gap.,Global / LMIC,low-resource care,diagnostic access,high,https://pmc.ncbi.nlm.nih.gov/articles/PMC8654090/,Research D — clinician-side pain points in identifying health issues early,unknown,2026-05-30,clinician_side_diagnostic_pain_points,research_evidence_package/02_extracted_evidence/facts.csv
research_evidence_package_clinician_side_diagnostic_pain_points_2026-05-30.tar.gz,F012,S023,Only about 19% of low/lower-middle income populations have access to the most basic diagnostics at primary-care level.,Global diagnostic access gap.,Global / LMIC,primary care,diagnostic access,high,https://pmc.ncbi.nlm.nih.gov/articles/PMC8654090/,Research D — clinician-side pain points in identifying health issues early,unknown,2026-05-30,clinician_side_diagnostic_pain_points,research_evidence_package/02_extracted_evidence/facts.csv
research_evidence_package_global_health_issue_identification_2026-05-30.tar.gz,F001,S001,"Diagnosis is a complex collaborative process involving patients, families, clinicians, systems, and tools.",Used as conceptual anchor for global diagnostic workflows.,US / generalizable,all care settings,diagnostic safety,high,https://www.nationalacademies.org/projects/IOM-HCS-13-03/publication/21794,"Research E — Global, cultural, and resource-level comparison of health issue identification workflows",unknown,2026-05-30,global_health_issue_identification,research_evidence_package/02_extracted_evidence/facts.csv
research_evidence_package_global_health_issue_identification_2026-05-30.tar.gz,F002,S002,"OECD report estimates that up to 15% of diagnoses in OECD countries may be inaccurate, delayed, or wrong.",Used to frame diagnostic safety as a high-income-system issue too.,OECD countries,all care settings,diagnostic safety metric,high,https://www.oecd.org/en/publications/the-economics-of-diagnostic-safety_fc61057a-en.html,"Research E — Global, cultural, and resource-level comparison of health issue identification workflows",unknown,2026-05-30,global_health_issue_identification,research_evidence_package/02_extracted_evidence/facts.csv
research_evidence_package_global_health_issue_identification_2026-05-30.tar.gz,F003,S003,"AHRQ reports an estimate of 795,000 Americans annually dying or becoming permanently disabled from disease misdiagnosis.",Used as US burden metric.,US,all care settings,diagnostic harm burden,high,https://www.ahrq.gov/diagnostic-safety/index.html,"Research E — Global, cultural, and resource-level comparison of health issue identification workflows",unknown,2026-05-30,global_health_issue_identification,research_evidence_package/02_extracted_evidence/facts.csv
research_evidence_package_global_health_issue_identification_2026-05-30.tar.gz,F004,S004,AHRQ PSNet ED review summary estimated roughly 1 in 18 ED patients receive an incorrect diagnosis.,Emergency department diagnostic safety metric.,US,emergency department,ED diagnostic error,high,https://psnet.ahrq.gov/issue/diagnostic-errors-emergency-department-systematic-review?utm_source=chatgpt.com,"Research E — Global, cultural, and resource-level comparison of health issue identification workflows",unknown,2026-05-30,global_health_issue_identification,research_evidence_package/02_extracted_evidence/facts.csv
research_evidence_package_global_health_issue_identification_2026-05-30.tar.gz,F005,S005,HSSIB found GP systems did not reliably surface unresolved symptoms or repeated visits across different clinicians.,Used for UK GP continuity black zone.,England,primary care / GP,continuity failure,high,https://www.hssib.org.uk/patient-safety-investigations/continuity-of-care-delayed-diagnosis-in-gp-practices/investigation-report/,"Research E — Global, cultural, and resource-level comparison of health issue identification workflows",unknown,2026-05-30,global_health_issue_identification,research_evidence_package/02_extracted_evidence/facts.csv
research_evidence_package_global_health_issue_identification_2026-05-30.tar.gz,F006,S006,"UK ombudsman identified repeated scan-reading and scan-follow-up failures, including abnormality not identified and results not properly followed up.",Used for abnormal-result closure black zone.,UK,imaging / hospital,diagnostic result follow-up,high,https://www.ombudsman.org.uk/news-and-blog/news/patients-being-harmed-due-repeated-mistakes-reading-scans,"Research E — Global, cultural, and resource-level comparison of health issue identification workflows",unknown,2026-05-30,global_health_issue_identification,research_evidence_package/02_extracted_evidence/facts.csv
research_evidence_package_global_health_issue_identification_2026-05-30.tar.gz,F007,S008,Israel has universal NHI coverage through four competing nonprofit health plans with strong health-plan EHR integration.,Used for Israel integrated health-plan model.,Israel,primary care / specialist care,health-system structure,high,https://www.commonwealthfund.org/international-health-policy-center/countries/israel,"Research E — Global, cultural, and resource-level comparison of health issue identification workflows",unknown,2026-05-30,global_health_issue_identification,research_evidence_package/02_extracted_evidence/facts.csv
research_evidence_package_global_health_issue_identification_2026-05-30.tar.gz,F008,S010,"Bedouin communities in Israel face physical access, health-literacy, language/cultural, and out-of-system continuity barriers.",Used for underserved/periphery cultural access pattern.,Israel / Negev Bedouin,community / primary care,underserved access,medium,https://link.springer.com/article/10.1186/s12939-025-02398-2,"Research E — Global, cultural, and resource-level comparison of health issue identification workflows",unknown,2026-05-30,global_health_issue_identification,research_evidence_package/02_extracted_evidence/facts.csv
research_evidence_package_global_health_issue_identification_2026-05-30.tar.gz,F009,S011,"India has weak practical gatekeeping, a large public/private/informal ecosystem, slow EHR adoption, and no universal patient identifier.",Used for India fragmented-care model.,India,public/private care,fragmented care,high,https://www.commonwealthfund.org/taxonomy/term/8,"Research E — Global, cultural, and resource-level comparison of health issue identification workflows",unknown,2026-05-30,global_health_issue_identification,research_evidence_package/02_extracted_evidence/facts.csv
research_evidence_package_global_health_issue_identification_2026-05-30.tar.gz,F010,S012,A referral and free chest-x-ray intervention involving non-allopathic providers reduced TB diagnostic delay by 8.6 days.,Used as successful low-resource/community linkage example.,India,community / TB pathway,TB diagnostic delay,high,https://journals.plos.org/globalpublichealth/article?id=10.1371%2Fjournal.pgph.0004416,"Research E — Global, cultural, and resource-level comparison of health issue identification workflows",unknown,2026-05-30,global_health_issue_identification,research_evidence_package/02_extracted_evidence/facts.csv
research_evidence_package_global_health_issue_identification_2026-05-30.tar.gz,F011,S014,China does not generally require referrals and ED information is not routinely sent to primary-care doctors.,Used for open-access/hospital-first continuity risk.,China,hospital outpatient / ED,open access / continuity,high,https://www.commonwealthfund.org/taxonomy/term/3,"Research E — Global, cultural, and resource-level comparison of health issue identification workflows",unknown,2026-05-30,global_health_issue_identification,research_evidence_package/02_extracted_evidence/facts.csv
research_evidence_package_global_health_issue_identification_2026-05-30.tar.gz,F012,S017,Brazil Family Health Strategy teams cover defined households but specialty access remains a major bottleneck causing long queues and diagnostic delays.,Used for CHW and referral bottleneck pattern.,Brazil,community health / referral,CHW / referral bottleneck,high,https://www.commonwealthfund.org/taxonomy/term/5436,"Research E — Global, cultural, and resource-level comparison of health issue identification workflows",unknown,2026-05-30,global_health_issue_identification,research_evidence_package/02_extracted_evidence/facts.csv
research_evidence_package_global_health_issue_identification_2026-05-30.tar.gz,F013,S018,Mexico has a segmented system with private providers delivering substantial outpatient care but poorly integrated into public networks.,Used for public/private fragmentation pattern.,Mexico,public/private outpatient,fragmented care,high,https://eurohealthobservatory.who.int/publications/i/health-systems-in-action-2024-mexico,"Research E — Global, cultural, and resource-level comparison of health issue identification workflows",unknown,2026-05-30,global_health_issue_identification,research_evidence_package/02_extracted_evidence/facts.csv
research_evidence_package_global_health_issue_identification_2026-05-30.tar.gz,F014,S020,Tanzania cancer pathway study reported median delay of 358 days from first symptom to diagnosis.,Used as low-resource diagnostic delay case.,Tanzania,cancer diagnosis pathway,cancer delay,high,https://link.springer.com/article/10.1186/s12913-021-07438-5,"Research E — Global, cultural, and resource-level comparison of health issue identification workflows",unknown,2026-05-30,global_health_issue_identification,research_evidence_package/02_extracted_evidence/facts.csv
research_evidence_package_global_health_issue_identification_2026-05-30.tar.gz,F015,S021,"WHO RAcE/iCCM trained CHWs to diagnose, treat, and refer childhood malaria, pneumonia, and diarrhea.",Used for CHW first-assessment model.,Sub-Saharan Africa,community health,CHW workflow,high,https://www.who.int/teams/global-malaria-programme/case-management/community-based-case-management-race-programme,"Research E — Global, cultural, and resource-level comparison of health issue identification workflows",unknown,2026-05-30,global_health_issue_identification,research_evidence_package/02_extracted_evidence/facts.csv
research_evidence_package_global_health_issue_identification_2026-05-30.tar.gz,F016,S022,"WHO Europe reports migrants/refugees face barriers including unclear entitlements, limited interpreters/cultural mediators, financial barriers, discrimination, and poor living conditions.",Used for migrant/refugee access black zones.,Europe,migrant/refugee care,migrant access barriers,high,https://www.who.int/europe/health-topics/refugee-and-migrant-health,"Research E — Global, cultural, and resource-level comparison of health issue identification workflows",unknown,2026-05-30,global_health_issue_identification,research_evidence_package/02_extracted_evidence/facts.csv
research_evidence_package_global_health_issue_identification_2026-05-30.tar.gz,F017,S023,NHS England reports people with limited English can struggle at all points and inconsistent interpreting can prevent engagement.,Used for language barrier workflow design.,England,all NHS settings,language access,high,https://www.england.nhs.uk/long-read/improvement-framework-community-language-translation-and-interpreting-services/,"Research E — Global, cultural, and resource-level comparison of health issue identification workflows",unknown,2026-05-30,global_health_issue_identification,research_evidence_package/02_extracted_evidence/facts.csv
research_evidence_package_global_health_issue_identification_2026-05-30.tar.gz,F018,S026,Canadian Indigenous patients may have symptoms taken less seriously and stereotypes can lead to misdiagnosis or neglect.,Used for cultural-safety and racism black zones.,Canada,ED / hospital,Indigenous health equity,medium,https://www.cpha.ca/when-health-care-harms-addressing-indigenous-specific-racism-canada,"Research E — Global, cultural, and resource-level comparison of health issue identification workflows",unknown,2026-05-30,global_health_issue_identification,research_evidence_package/02_extracted_evidence/facts.csv
research_evidence_package_global_health_issue_identification_2026-05-30.tar.gz,F019,S027,"AIHW reports 32% of Indigenous Australians who did not access needed services cited cultural reasons such as language, discrimination, or cultural appropriateness.",Used for cultural-safety access barrier metric.,Australia,all settings,cultural safety,high,https://www.aihw.gov.au/reports/indigenous-australians/cultural-safety-health-care-framework/contents/summary,"Research E — Global, cultural, and resource-level comparison of health issue identification workflows",unknown,2026-05-30,global_health_issue_identification,research_evidence_package/02_extracted_evidence/facts.csv
research_evidence_package_global_health_issue_identification_2026-05-30.tar.gz,F020,S030,"GAO reports rural US residents face fewer providers, longer travel, transportation barriers, and less broadband.",Used for rural high-income access pattern.,Rural US,rural care / telehealth,rural access,high,https://www.gao.gov/products/gao-23-106651,"Research E — Global, cultural, and resource-level comparison of health issue identification workflows",unknown,2026-05-30,global_health_issue_identification,research_evidence_package/02_extracted_evidence/facts.csv
research_evidence_package_health_system_patient_flows_2026-05-30.tar.gz,F001,S01,"Triage is a rapid risk sort, not a diagnosis; subtle chronic or complex symptoms may appear low acuity if vitals are normal.","Stage: nurse triage; action: Classify acuity using ESI: immediate life-saving intervention, high risk/severe pain, then expected resources, with danger-zone vitals review.",US / internationally used,emergency department,red flag missed; normal-test trap; incomplete history,high,https://media.emscimprovement.center/documents/Emergency_Severity_Index_Handbook.pdf,Real health-system patient flows for identifying health issues,ESI is a documented front-door workflow; its resource prediction step can under-prioritize problems that need diagnostic synthesis rather than many ED resources.,2026-05-30,health_system_patient_flows,research_evidence_package/02_extracted_evidence/facts.csv
research_evidence_package_health_system_patient_flows_2026-05-30.tar.gz,F002,S02,High-risk diagnoses may be missed at the first visit and only recognized after repeat ED return or deterioration.,Stage: first clinician assessment; imaging/lab interpretation; discharge; action: Systematic review estimated diagnostic error harms and common high-harm conditions.,US-focused evidence,emergency department,red flag missed; repeated visits ignored; no follow-up ownership,high,https://www.ncbi.nlm.nih.gov/books/NBK588197/,Real health-system patient flows for identifying health issues,Useful as cross-setting failure evidence rather than a local workflow manual.,2026-05-30,health_system_patient_flows,research_evidence_package/02_extracted_evidence/facts.csv
research_evidence_package_health_system_patient_flows_2026-05-30.tar.gz,F003,S03,Patients may experience an 'occult wait' before triage if registration queues or digital check-in create hidden delays.,"Stage: arrival; registration; nurse triage; streaming; first clinician assessment; action: Initial assessment can include streaming, triage and rapid assessment/treatment to identify sickest patients and direct others to right service.",England,emergency department,poor handoff; red flag missed; no follow-up ownership,high,https://www.england.nhs.uk/guidance-for-emergency-departments-initial-assessment/,Real health-system patient flows for identifying health issues,Represents a national ED front-door flow rather than a diagnostic guideline.,2026-05-30,health_system_patient_flows,research_evidence_package/02_extracted_evidence/facts.csv
research_evidence_package_health_system_patient_flows_2026-05-30.tar.gz,F004,S04,Operational queues can hide clinical risk before the patient is visible to the triage system.,"Stage: registration; initial assessment; vitals; action: Register quickly, perform initial assessment by trained registered clinician, record minimum clinical fields and use early warning scores where relevant.",UK,emergency department,arrival; registration; red flag missed; poor handoff,high,https://rcem.ac.uk/wp-content/uploads/2025/04/Initial-Assessment.pdf,Real health-system patient flows for identifying health issues,Supports the black-zone concept of pre-triage waits.,2026-05-30,health_system_patient_flows,research_evidence_package/02_extracted_evidence/facts.csv
research_evidence_package_health_system_patient_flows_2026-05-30.tar.gz,F005,S05,Decision support needs upstream data completeness and downstream reassessment when diagnosis does not fit.,Stage: arrival; intake; labs ordered; imaging ordered; lab interpretation; discharge/admission; action: Patient arrives by EMS/walk-in; triage/intake RN collects key data; provider orders labs/CXR; CURB-65 and clinical assessment guide admission vs outpatient antibiotics.,US,emergency department,documentation error; no one connected the dots; normal-test trap,medium,https://www.ahrq.gov/sites/default/files/wysiwyg/professionals/quality-patient-safety/quality-resources/tools/cap-toolkit/ed-workflowdiagrams.pdf,Real health-system patient flows for identifying health issues,Real implementation workflow shows how data from different roles enters a decision point.,2026-05-30,health_system_patient_flows,research_evidence_package/02_extracted_evidence/facts.csv
research_evidence_package_health_system_patient_flows_2026-05-30.tar.gz,F006,S06,"Self-service can speed flow but may miss nuance, language barriers or worsening while waiting.","Stage: arrival; intake form; triage; referral; action: Patient self-checks in on kiosk/tablet, completes symptom triage, and can be prioritised, redirected or referred through service routing.",England,urgent care / ED front door,digital access gap; incomplete history; red flag missed,medium,https://digital.nhs.uk/services/urgent-care-self-service-product,Real health-system patient flows for identifying health issues,A current example of digital triage embedded in urgent/emergency care.,2026-05-30,health_system_patient_flows,research_evidence_package/02_extracted_evidence/facts.csv
research_evidence_package_health_system_patient_flows_2026-05-30.tar.gz,F007,S07,"UTC boundaries are porous; patients may need escalation, diagnostics or follow-up ownership outside the UTC.",Stage: arrival; first clinician assessment; labs ordered; imaging ordered; referral; follow-up; action: UTCs accept booked and walk-in patients; provide basic diagnostics or protocols; share records/post-event messages and refer to ED/specialists when needed.,England,urgent care,wrong specialty; poor handoff; no follow-up ownership,high,https://www.england.nhs.uk/publication/urgent-treatment-centres-principles-and-standards/,Real health-system patient flows for identifying health issues,UTC standard describes setting-level capabilities and data-sharing requirements.,2026-05-30,health_system_patient_flows,research_evidence_package/02_extracted_evidence/facts.csv
research_evidence_package_health_system_patient_flows_2026-05-30.tar.gz,F008,S08,The workflow depends on patients knowing when and how to report deterioration while waiting.,"Stage: arrival; vitals; first clinician assessment; discharge/referral; action: On arrival, patients may have observations by nurse, may wait by acuity not arrival order, and can be assessed/treated onsite or referred; GP is updated afterwards.",England,urgent care,red flag missed; patient self-advocacy required,medium,https://www.nhs.uk/nhs-services/urgent-and-emergency-care-services/when-to-visit-an-urgent-treatment-centre-urgent-care-centre-or-minor-injury-unit/,Real health-system patient flows for identifying health issues,Patient-facing description of the real UTC arrival process.,2026-05-30,health_system_patient_flows,research_evidence_package/02_extracted_evidence/facts.csv
research_evidence_package_health_system_patient_flows_2026-05-30.tar.gz,F009,S09,"Vitals create early signal but can be incomplete, delayed or not trended against prior visits.","Stage: vitals; nurse triage; first clinician assessment; action: Initial vitals tailored to age, complaint and status; abnormal vitals reported and repeated.",US,urgent care,normal-test trap; lab trend missed; documentation error,medium,https://urgentcareassociation.org/wp-content/uploads/VITAL-SIGNS-IN-UC-CENTERS-04-2025_Revised.pdf,Real health-system patient flows for identifying health issues,"Practical urgent-care policy source, not a population study.",2026-05-30,health_system_patient_flows,research_evidence_package/02_extracted_evidence/facts.csv
research_evidence_package_health_system_patient_flows_2026-05-30.tar.gz,F010,S10,Non-clinical intake staff may be the first safety barrier.,Stage: registration; intake form; nurse triage; action: Registration/intake staff ask reason for visit; red flags trigger immediate rooming and clinician involvement or ED transfer.,US,urgent care,red flag missed; incomplete history; poor handoff,medium,https://urgentcareassociation.org/wp-content/uploads/RED-FLAGS-04-2025_Revised.pdf,Real health-system patient flows for identifying health issues,Shows how triage starts before formal clinician assessment.,2026-05-30,health_system_patient_flows,research_evidence_package/02_extracted_evidence/facts.csv
research_evidence_package_health_system_patient_flows_2026-05-30.tar.gz,F011,S11,Digital triage may fragment complex histories into a single main symptom.,"Stage: before visit; intake form; referral; action: Patient completes one symptom pathway; service gives advice such as self-care, pharmacist, GP, UTC, ED or callback.",England,telehealth,incomplete history; wrong specialty; no one connected the dots,medium,https://111.nhs.uk/,Real health-system patient flows for identifying health issues,Patient-facing NHS 111 online flow.,2026-05-30,health_system_patient_flows,research_evidence_package/02_extracted_evidence/facts.csv
research_evidence_package_health_system_patient_flows_2026-05-30.tar.gz,F012,S12,The handoff is only as good as the service directory and referral visibility.,Stage: before visit; intake form; referral; action: Uses structured triage and service directory to recommend ambulance/ED/UTC/out-of-hours GP/GP/pharmacist/self-care outcomes.,England,telehealth,wrong specialty; poor handoff; fragmented care,medium,https://digital.nhs.uk/services/nhs-111-online,Real health-system patient flows for identifying health issues,Staff-facing service information documents integration pieces.,2026-05-30,health_system_patient_flows,research_evidence_package/02_extracted_evidence/facts.csv
research_evidence_package_health_system_patient_flows_2026-05-30.tar.gz,F013,S13,Online access can create a digital bottleneck and reduce the chance to observe/examine patients.,Stage: before visit; intake form; first clinician assessment; follow-up; action: Asynchronous online consultations support clinical/admin requests but may be capped or rerouted by practices for safety.,England,telehealth,digital access gap; incomplete history; no follow-up ownership; chronic illness invalidation,high,https://www.hssib.org.uk/patient-safety-investigations/workforce-and-patient-safety/second-investigation-report/,Real health-system patient flows for identifying health issues,HSSIB source includes patient and staff focus groups and practice visits.,2026-05-30,health_system_patient_flows,research_evidence_package/02_extracted_evidence/facts.csv
research_evidence_package_health_system_patient_flows_2026-05-30.tar.gz,F014,S14,Telehealth changes the signal set available for diagnosis.,"Stage: medical history; physical exam; vitals; referral; follow-up; action: Telehealth can be safer when embedded in a medical home with records, tests, referrals and follow-up; risk rises when exam and communication are limited.",US / international,telehealth,normal-test trap; incomplete physical exam; poor follow-up ownership,high,https://psnet.ahrq.gov/primer/telehealth-and-patient-safety,Real health-system patient flows for identifying health issues,Useful cross-setting telehealth safety evidence.,2026-05-30,health_system_patient_flows,research_evidence_package/02_extracted_evidence/facts.csv
research_evidence_package_health_system_patient_flows_2026-05-30.tar.gz,F015,S15,Routing can optimize capacity but also become a diagnostic gate if symptoms are under-described.,"Stage: before visit; intake form; care navigation; first clinician assessment; action: Modern access model directs patients via phone/online/in-person to the right professional first time, using care navigation and demand/capacity management.",England,primary care,incomplete history; wrong specialty; no one connected the dots,high,https://www.england.nhs.uk/long-read/modern-general-practice-model/,Real health-system patient flows for identifying health issues,National primary-care access policy.,2026-05-30,health_system_patient_flows,research_evidence_package/02_extracted_evidence/facts.csv
research_evidence_package_health_system_patient_flows_2026-05-30.tar.gz,F016,S16,Ambiguity over whether a contact is administrative or clinical can lose risk signals.,Stage: care navigation; clinical triage; referral; action: Care navigation signposts to appropriate clinician or service; clinical triage by nurse/GP makes early clinical decisions.,UK,primary care,poor handoff; symptom dismissed; red flag missed,medium,https://www.bma.org.uk/advice-and-support/gp-practices/gp-service-provision/care-navigation-and-triage-in-general-practice,Real health-system patient flows for identifying health issues,Professional guidance clarifies first-contact roles.,2026-05-30,health_system_patient_flows,research_evidence_package/02_extracted_evidence/facts.csv
research_evidence_package_health_system_patient_flows_2026-05-30.tar.gz,F017,S17,Threshold pathways may leave low-risk but persistent symptoms in a monitoring black zone.,"Stage: medical history; physical exam; labs ordered; referral; safety netting; action: Guideline organizes referral/investigation actions by cancer site, symptom and findings; includes safety netting and diagnostic-process advice.",England/Wales,primary care,normal-test trap; referral delay; rare disease delay,high,https://www.nice.org.uk/guidance/NG12/,Real health-system patient flows for identifying health issues,A key formal workflow source for primary-care suspicion/referral.,2026-05-30,health_system_patient_flows,research_evidence_package/02_extracted_evidence/facts.csv
research_evidence_package_health_system_patient_flows_2026-05-30.tar.gz,F018,S18,A negative test can prematurely close a diagnostic episode.,"Stage: follow-up; repeat visit; diagnosis discussion; action: Safety-netting gives time-bound follow-up, documents advice, ensures tests/referrals completed and monitors persistent symptoms even after negative tests.",UK,primary care,normal-test trap; no follow-up ownership; repeated visits ignored,medium,https://www.cancerresearchuk.org/health-professional/diagnosis/primary-care/safety-netting,Real health-system patient flows for identifying health issues,Clear source for the normal-test trap and repeat-presentation workflows.,2026-05-30,health_system_patient_flows,research_evidence_package/02_extracted_evidence/facts.csv
research_evidence_package_health_system_patient_flows_2026-05-30.tar.gz,F019,S19,Test-result management crosses many people and organisations.,"Stage: labs ordered; lab interpretation; follow-up; action: Practice needs systems for ordering, tracking attendance, return/non-return, review, filing, patient communication and abnormal follow-up.",England,primary care,abnormal result not followed up; documentation error; no follow-up ownership,high,https://www.cqc.org.uk/guidance-regulation/gps/gp-mythbusters,Real health-system patient flows for identifying health issues,Regulator source supports result-management black zones.,2026-05-30,health_system_patient_flows,research_evidence_package/02_extracted_evidence/facts.csv
research_evidence_package_health_system_patient_flows_2026-05-30.tar.gz,F020,S20,No one clinician/system connected the repeated back-pain presentations with prior cancer risk.,Stage: repeat visit; medical history; specialist review; emergency escalation; action: Over 8 months the patient saw many clinicians; eventual GP found spinal lump and sent patient to ED where CT found metastatic cancer.,England,primary care,fragmented care; no one connected the dots; missing family/history context; repeated visits ignored,high,https://www.hssib.org.uk/patient-safety-investigations/continuity-of-care-delayed-diagnosis-in-gp-practices/investigation-report/pdf/,Real health-system patient flows for identifying health issues,Named public case from national safety investigation; includes patient voice.,2026-05-30,health_system_patient_flows,research_evidence_package/02_extracted_evidence/facts.csv
research_evidence_package_health_system_patient_flows_2026-05-30.tar.gz,F021,S21,Repeat visits are often visible only as isolated encounters.,"Stage: repeat visit; physical exam; referral; labs ordered; action: After three presentations, GP teams are prompted to reflect, review and rethink, consider face-to-face exam, second opinion, tests or referral.",England,primary care,repeated visits ignored; no one connected the dots; bias or minimization,medium,https://www.england.nhs.uk/long-read/jesss-rule-three-strikes-and-we-rethink/,Real health-system patient flows for identifying health issues,Current NHS initiative; useful product pattern for persistent symptoms.,2026-05-30,health_system_patient_flows,research_evidence_package/02_extracted_evidence/facts.csv
research_evidence_package_health_system_patient_flows_2026-05-30.tar.gz,F022,S22,Chronic pain and women's health symptoms can be minimized despite repeated presentations.,Stage: medical history; referral; specialist review; repeat visit; action: Survey documented repeated GP visits and A&E attendance before diagnosis; respondents reported dismissal/minimisation.,UK,primary care,symptom dismissed; chronic illness invalidation; bias or minimization; patient self-advocacy required,medium,https://www.endometriosis-uk.org/diagnosis-report,Real health-system patient flows for identifying health issues,Advocacy survey gives patient voice and quantitative delay data.,2026-05-30,health_system_patient_flows,research_evidence_package/02_extracted_evidence/facts.csv
research_evidence_package_health_system_patient_flows_2026-05-30.tar.gz,F023,S23,"Referral is not a completed action unless the patient is seen, tests are done and results acted on.","Stage: referral; follow-up; lab interpretation; action: Healthwatch gathered patient reports of waiting after GP referral, confusion over results and pressure to chase.",England,primary care / specialist referral,referral delay; no follow-up ownership; patient self-advocacy required,medium,https://www.healthwatch.co.uk/report/2023-10-03/impact-waiting-care,Real health-system patient flows for identifying health issues,Patient voice source on referral/follow-up gaps.,2026-05-30,health_system_patient_flows,research_evidence_package/02_extracted_evidence/facts.csv
research_evidence_package_health_system_patient_flows_2026-05-30.tar.gz,F024,S24,"Imaging workflows fail at multiple points: ordering, performance, interpretation, communication, follow-up.","Stage: imaging ordered; lab interpretation; follow-up; emergency return; action: Ombudsman reported repeated failures in scan reading, carrying out scans and follow-up; a cancer case was only identified at a fifth A&E visit after lesion not reported.",England,hospital outpatient / imaging / ED,abnormal result not followed up; red flag missed; repeated visits ignored,high,https://www.ombudsman.org.uk/news-and-blog/news/patients-being-harmed-due-repeated-mistakes-reading-scans,Real health-system patient flows for identifying health issues,Patient-complaint/ombudsman evidence with public family quote.,2026-05-30,health_system_patient_flows,research_evidence_package/02_extracted_evidence/facts.csv
research_evidence_package_health_system_patient_flows_2026-05-30.tar.gz,F025,S25,"Responsibility can diffuse between radiology, ED, GP and patient.",Stage: imaging ordered; imaging interpretation; discharge; follow-up; action: Investigation traced multistep communication of unexpected significant findings and weak assurance that action occurred.,England,radiology / ED / primary care,poor handoff; abnormal result not followed up; no follow-up ownership,high,https://www.hssib.org.uk/patient-safety-investigations/failures-in-communication-or-follow-up-of-unexpected-significant-radiological-findings/,Real health-system patient flows for identifying health issues,Important source for test-result black zones beyond labs.,2026-05-30,health_system_patient_flows,research_evidence_package/02_extracted_evidence/facts.csv
research_evidence_package_health_system_patient_flows_2026-05-30.tar.gz,F026,S26,Discharge can sever ownership of pending results.,Stage: discharge; follow-up; imaging/lab interpretation; action: Hospital diagnostic excellence framework encourages targeting pending tests and suspicious imaging follow-up.,US,inpatient ward / hospital outpatient,poor handoff; no follow-up ownership; abnormal result not followed up,high,https://www.cdc.gov/patient-safety/hcp/hospital-dx-excellence/index.html,Real health-system patient flows for identifying health issues,Current CDC framework for hospital diagnostic excellence.,2026-05-30,health_system_patient_flows,research_evidence_package/02_extracted_evidence/facts.csv
research_evidence_package_health_system_patient_flows_2026-05-30.tar.gz,F027,S27,Referral triage creates a new work queue where responsibility can be unclear to patient and referrer.,"Stage: referral; specialist review; follow-up; action: Referral Assessment Services allow provider review before booking; outcomes include booking, redirecting, requesting more info, or returning advice.",England,specialist clinic,wrong specialty; referral delay; poor handoff,high,https://digital.nhs.uk/services/e-referral-service/document-library/referral-assessment-services,Real health-system patient flows for identifying health issues,Digital pathway details from NHS e-RS documentation.,2026-05-30,health_system_patient_flows,research_evidence_package/02_extracted_evidence/facts.csv
research_evidence_package_health_system_patient_flows_2026-05-30.tar.gz,F028,S28,Straight-to-test pathways are efficient only when referral information is complete.,"Stage: referral; imaging ordered; labs ordered; specialist review; action: Diagnostic e-RS models include direct-to-test, clinical assessment then test, and one-stop consultant-led models.",England,hospital outpatient / diagnostic services,incomplete history; wrong specialty; documentation error,medium,https://digital.nhs.uk/services/e-referral-service/document-library/diagnostic-services,Real health-system patient flows for identifying health issues,Operational source on outpatient diagnostics.,2026-05-30,health_system_patient_flows,research_evidence_package/02_extracted_evidence/facts.csv
research_evidence_package_health_system_patient_flows_2026-05-30.tar.gz,F029,S29,Advice can reduce unnecessary appointments but must not become a soft rejection of unresolved symptoms.,"Stage: referral; specialist review; imaging/labs ordered; follow-up; action: Improvement guide promotes advice/guidance, straight-to-test, pre-appointment hubs; one GI case cut waits through advice and e-RS.",England,hospital outpatient / specialist clinic,referral delay; no follow-up ownership; normal-test trap,medium,https://www.england.nhs.uk/long-read/outpatient-recovery-and-transformation-improvement-guide/,Real health-system patient flows for identifying health issues,Includes clinician voice and pathway redesign example.,2026-05-30,health_system_patient_flows,research_evidence_package/02_extracted_evidence/facts.csv
research_evidence_package_health_system_patient_flows_2026-05-30.tar.gz,F030,S30,Safety-net clinics may be responsible for follow-up despite care occurring elsewhere.,Stage: referral; discharge; follow-up; action: Health centers must have referral/hospital arrangements and processes to receive/record ED or hospital visit information and follow-up actions.,US,community health center,poor handoff; fragmented care; no follow-up ownership,high,https://bphc.hrsa.gov/compliance/compliance-manual/chapter7,Real health-system patient flows for identifying health issues,Federal compliance source for FQHC workflow expectations.,2026-05-30,health_system_patient_flows,research_evidence_package/02_extracted_evidence/facts.csv
research_evidence_package_health_system_patient_flows_2026-05-30.tar.gz,F031,S31,"Coordination is a model, not a closed-loop diagnostic guarantee.",Stage: long-term monitoring; follow-up; referral; action: PCMH recognition emphasizes care coordination and continuous quality improvement in health centers.,US,community health center,fragmented care; no follow-up ownership,medium,https://bphc.hrsa.gov/technical-assistance/clinical-quality-improvement/patient-centered-medical-home,Real health-system patient flows for identifying health issues,Useful institutional context for community health centers.,2026-05-30,health_system_patient_flows,research_evidence_package/02_extracted_evidence/facts.csv
research_evidence_package_health_system_patient_flows_2026-05-30.tar.gz,F032,S32,Abnormal screening is only useful if diagnostic colonoscopy happens.,"Stage: public health screening; lab interpretation; referral; follow-up; action: Mailed FIT outreach identified abnormal results; centralized patient navigation addressed informational, emotional, financial and transport barriers to colonoscopy.",US: North Carolina,community health center / public health screening,abnormal result not followed up; patient self-advocacy required; no follow-up ownership,medium,https://www.sciencedirect.com/science/article/pii/S221133552300102X,Real health-system patient flows for identifying health issues,Implementation study in FQHC safety-net setting; strong fit to product workflows.,2026-05-30,health_system_patient_flows,research_evidence_package/02_extracted_evidence/facts.csv
research_evidence_package_health_system_patient_flows_2026-05-30.tar.gz,F033,S33,"Navigation fails if it is not staffed, documented, partnered and tracked.","Stage: public health screening; referral; follow-up; action: PRECISE trial implementation support trained navigators and documented challenges in workload, documentation, partnerships and tracking.",US: Washington state,community health center / screening,referral delay; fragmented care; documentation error,medium,https://journals.plos.org/plosone/article?id=10.1371/journal.pone.0343659,Real health-system patient flows for identifying health issues,Recent implementation lessons for community health settings.,2026-05-30,health_system_patient_flows,research_evidence_package/02_extracted_evidence/facts.csv
research_evidence_package_health_system_patient_flows_2026-05-30.tar.gz,F034,S34,Screening can create false reassurance if symptoms are separated from screening result interpretation.,Stage: before visit; public health screening; lab interpretation; referral; follow-up; action: Eligible people receive FIT at home; results usually within 2 weeks; further tests lead to specialist nurse and usually colonoscopy; negative screen does not rule out cancer if symptoms occur.,England,public health screening,normal-test trap; no follow-up ownership,high,https://www.nhs.uk/tests-and-treatments/bowel-cancer-screening/,Real health-system patient flows for identifying health issues,Patient-facing pathway; strong flow map source.,2026-05-30,health_system_patient_flows,research_evidence_package/02_extracted_evidence/facts.csv
research_evidence_package_health_system_patient_flows_2026-05-30.tar.gz,F035,S35,Population screening has a built-in non-attendance black zone.,"Stage: before visit; public health screening; imaging ordered; imaging interpretation; specialist review; action: Programme sends invitations, performs mammography, recalls non-attenders/technical failures, and sends abnormal cases to assessment clinic/MDT.",England,public health screening,no follow-up ownership; abnormal result not followed up; patient self-advocacy required,high,https://www.gov.uk/government/publications/breast-screening-programme-pathway-requirements/breast-screening-programme-pathway-requirements,Real health-system patient flows for identifying health issues,National screening pathway source.,2026-05-30,health_system_patient_flows,research_evidence_package/02_extracted_evidence/facts.csv
research_evidence_package_health_system_patient_flows_2026-05-30.tar.gz,F036,S37,The problem is often not clinical detection but completion of the next step.,"Stage: before visit; referral; follow-up; action: CDC describes navigators helping people overcome practical, informational and trust barriers to screening and diagnosis.",US,public health screening / community,fragmented care; patient self-advocacy required; referral delay,high,https://www.cdc.gov/cancer/php/interventions/patient-navigation.html,Real health-system patient flows for identifying health issues,Public health source for patient navigation design.,2026-05-30,health_system_patient_flows,research_evidence_package/02_extracted_evidence/facts.csv
research_evidence_package_health_system_patient_flows_2026-05-30.tar.gz,F037,S38,Community screening creates many positive signals that need tracking beyond the first contact.,"Stage: before visit; home/community visit; public health screening; referral; long-term monitoring; action: HWCs use empanelment, home/community interaction and universal screening to identify risks before clinic attendance; CHO leads HWC team and referrals.",India,community health center / rural clinic,referral delay; no follow-up ownership; lab trend missed,high,https://aam.mohfw.gov.in/download/document/45a4ab64b74ab124cfd853ec9a0127e4.pdf,Real health-system patient flows for identifying health issues,Government operational guidelines; rich low-resource workflow source.,2026-05-30,health_system_patient_flows,research_evidence_package/02_extracted_evidence/facts.csv
research_evidence_package_health_system_patient_flows_2026-05-30.tar.gz,F038,S39,Low-resource workflows depend heavily on algorithms and referral availability.,"Stage: medical history; physical exam; referral; emergency escalation; action: IMCI uses evidence-based algorithms based on history/signs/symptoms when lab/radiology support is limited; includes treatment, counselling and referral for severe illness.",LMIC / global,low-resource clinic,red flag missed; referral delay; incomplete history,high,https://www.who.int/teams/maternal-newborn-child-adolescent-health-and-ageing/child-health/integrated-management-of-childhood-illness/,Real health-system patient flows for identifying health issues,WHO source for low-resource diagnostic flow.,2026-05-30,health_system_patient_flows,research_evidence_package/02_extracted_evidence/facts.csv
research_evidence_package_health_system_patient_flows_2026-05-30.tar.gz,F039,S40,"The first diagnostic encounter may happen at home, not a clinic.",Stage: before visit; home/community visit; emergency escalation; action: iCCM trains/supplies CHWs to diagnose/classify/treat uncomplicated cases and refer severe illness.,LMIC / hard-to-reach communities,home/community visit,referral delay; poor handoff; low-resource supply gap,medium,https://www.childhealthtaskforce.org/hubs/iccm,Real health-system patient flows for identifying health issues,Global child-health programme documentation.,2026-05-30,health_system_patient_flows,research_evidence_package/02_extracted_evidence/facts.csv
research_evidence_package_health_system_patient_flows_2026-05-30.tar.gz,F040,S41,Community programmes can generate care access but require supervision and integration with facilities.,"Stage: home/community visit; referral; follow-up; action: RAcE supported iCCM scale-up through CHW training, supplies and diagnosis/treatment/referral in five countries.","DRC, Malawi, Mozambique, Niger, Nigeria",home/community visit,poor handoff; no follow-up ownership; fragmented care,medium,https://www.who.int/teams/global-malaria-programme/case-management/community-based-case-management-race-programme,Real health-system patient flows for identifying health issues,Programme-scale low-resource evidence.,2026-05-30,health_system_patient_flows,research_evidence_package/02_extracted_evidence/facts.csv
research_evidence_package_health_system_patient_flows_2026-05-30.tar.gz,F041,S42,"In many rural OPDs, primary and emergency care share a front door with no formal triage.",Stage: arrival; nurse triage; vitals; first clinician assessment; action: Rural OPD implemented IITT-adapted structured triage using a three-colour checklist on charts and short training; patient flow improved without added resources.,Uganda,rural clinic,red flag missed; arrival; poor handoff,medium,https://link.springer.com/article/10.1186/s12245-025-01005-z,Real health-system patient flows for identifying health issues,Real-world QI study in rural Uganda.,2026-05-30,health_system_patient_flows,research_evidence_package/02_extracted_evidence/facts.csv
research_evidence_package_health_system_patient_flows_2026-05-30.tar.gz,F042,S43,Community knowledge is powerful but can be under-documented or poorly integrated into clinical records.,"Stage: home/community visit; long-term monitoring; referral; action: CHWs provide home basic care, register families, relay information to teams, resolve low-level problems and refer complex problems.",Brazil,home/community visit,fragmented care; no one connected the dots; documentation error,medium,https://www.commonwealthfund.org/publications/case-study/2016/dec/brazils-family-health-strategy-using-community-health-care-workers,Real health-system patient flows for identifying health issues,Health-system case study; strong real-world community flow.,2026-05-30,health_system_patient_flows,research_evidence_package/02_extracted_evidence/facts.csv
research_evidence_package_health_system_patient_flows_2026-05-30.tar.gz,F043,S44,"Screening must connect to protocolized treatment and follow-up, not just identify high BP.","Stage: vitals; labs ordered; lab interpretation; long-term monitoring; action: PAHO HEARTS clinical pathways standardize treatment protocols, proper BP measurement and cardiovascular risk assessment in PHC.",Latin America / Caribbean,community health center / primary care,lab/vital trend missed; no follow-up ownership,high,https://www.paho.org/en/hearts-americas/hypertension-clinical-pathways,Real health-system patient flows for identifying health issues,"Regional implementation source, not a single clinic case.",2026-05-30,health_system_patient_flows,research_evidence_package/02_extracted_evidence/facts.csv
research_evidence_package_health_system_patient_flows_2026-05-30.tar.gz,F044,S45,Preventive flow identifies risk before symptoms but depends on participation and sustained behaviour support.,"Stage: before visit; public health screening; long-term monitoring; action: Specific health checkups screen insured people/dependents age 40+; results stratify into information provision, motivational support or proactive support.",Japan,public health screening,no follow-up ownership; normal-test trap,medium,https://www.shoken-kenpo.or.jp/eng/member/checkup/measure.html,Real health-system patient flows for identifying health issues,Insurer programme source; East Asia preventive flow.,2026-05-30,health_system_patient_flows,research_evidence_package/02_extracted_evidence/facts.csv
research_evidence_package_health_system_patient_flows_2026-05-30.tar.gz,F045,S46,Screening result delivery by mail does not ensure comprehension or completion of confirmation testing.,"Stage: before visit; public health screening; lab interpretation; follow-up; action: Patient checks eligibility, visits authorized hospital with ID/checkup card, receives results by mail; suspected disease may receive confirmation checkup.",South Korea,public health screening,abnormal result not followed up; no follow-up ownership,medium,https://www.nhis.or.kr/english/wbhe/policies/NationalHealthScreeningProgram.html,Real health-system patient flows for identifying health issues,Official national screening flow source.,2026-05-30,health_system_patient_flows,research_evidence_package/02_extracted_evidence/facts.csv
research_evidence_package_health_system_patient_flows_2026-05-30.tar.gz,F046,S47,"Countries need a route for serious nonspecific symptoms, not only organ-specific red flags.",Stage: medical history; labs ordered; referral; specialist review; action: Three-legged strategy: urgent alarm symptoms to organ-specific pathways; serious nonspecific symptoms to tests and diagnostic centres; vague low-risk symptoms managed by GP with diagnostic access.,Denmark,primary care / specialist clinic,rare disease delay; referral delay; no one connected the dots,medium,https://www.all-can.org/efficiency-hub/danish-cancer-patient-pathways-three-legged-strategy-for-faster-referral-and-diagnosis-of-cancer/,Real health-system patient flows for identifying health issues,Health-system case study of a distinctive diagnostic pathway model.,2026-05-30,health_system_patient_flows,research_evidence_package/02_extracted_evidence/facts.csv
research_evidence_package_health_system_patient_flows_2026-05-30.tar.gz,F047,S48,Nonspecific symptoms can represent high-yield diagnostic risk when systematically routed.,Stage: referral; specialist review; labs/imaging ordered; action: Cohort study of urgent referral to Denmark's non-organ-specific cancer pathway; around one fifth had cancer.,Denmark,specialist clinic / diagnostic centre,rare disease delay; referral delay; normal-test trap,high,https://www.nature.com/articles/s41416-024-02620-y,Real health-system patient flows for identifying health issues,Peer-reviewed evidence for nonspecific symptom diagnostic pathways.,2026-05-30,health_system_patient_flows,research_evidence_package/02_extracted_evidence/facts.csv
research_evidence_package_health_system_patient_flows_2026-05-30.tar.gz,F048,S49,Digitized history reduces fragmentation but still requires pattern recognition and alert design.,Stage: before visit; first clinician assessment; long-term monitoring; action: Israel's HMO-based system begins with family doctor/community health centers and uses longstanding digital records/HIE to give clinicians historical data at point of care.,Israel,primary care,lab trend missed; no one connected the dots,medium,https://www1.health.gov.il/en/landing-pages/healthcare-israel/healthcare-israel/,Real health-system patient flows for identifying health issues,Health-system overview; not a single clinical workflow manual.,2026-05-30,health_system_patient_flows,research_evidence_package/02_extracted_evidence/facts.csv
research_evidence_package_health_system_patient_flows_2026-05-30.tar.gz,F049,S50,Result delivery is not the same as result action.,Stage: labs ordered; imaging ordered; lab interpretation; follow-up; action: Diagnostic services are computerized from referral through collection/test and result delivery to physician and user stations; teleradiology centralizes interpretation for distant sites.,Israel,hospital outpatient / diagnostic services,abnormal result not followed up; no follow-up ownership,medium,https://www.maccabi4u.co.il/en/46562/main_english/our-healthcare-system/diagnostic-services/,Real health-system patient flows for identifying health issues,HMO service description; useful Israel/Middle East workflow example.,2026-05-30,health_system_patient_flows,research_evidence_package/02_extracted_evidence/facts.csv
research_evidence_package_health_system_patient_flows_2026-05-30.tar.gz,F050,S52,"Diagnostic failure is often an operations/communication problem, not just cognitive error.","Stage: labs ordered; imaging ordered; referral; follow-up; action: Analysis of >3,000 diagnostic safety events found many errors in the testing process plus monitoring/follow-up and referral/consultation phases.",US,cross-setting,documentation error; poor handoff; abnormal result not followed up,medium,https://home.ecri.org/blogs/ecri-news/data-analysis-reveals-common-errors-that-prevent-patients-from-getting-timely-accurate-diagnoses,Real health-system patient flows for identifying health issues,Good source for cross-setting black-zone prioritization.,2026-05-30,health_system_patient_flows,research_evidence_package/02_extracted_evidence/facts.csv
research_evidence_package_health_system_patient_flows_2026-05-30.tar.gz,F051,S53,Rare disease patients often carry the pattern across disconnected visits themselves.,Stage: repeat visit; specialist review; imaging/genetic/special testing; action: Patient story describes self-advocacy leading to specialist programme review and eventual rare diagnosis after decades.,US,specialist clinic / rare disease,rare disease delay; patient self-advocacy required; no one connected the dots,low,https://rarediseases.org/undiagnosed-when-your-rare-diagnosis-comes-30-years-late/,Real health-system patient flows for identifying health issues,"Patient story, useful for unusual-flow capture; low generalizability.",2026-05-30,health_system_patient_flows,research_evidence_package/02_extracted_evidence/facts.csv
research_evidence_package_health_system_patient_flows_2026-05-30.tar.gz,F052,S54,Chronic illness identification can fail even when data exists if communication/records are not visible.,"Stage: medical history; lab interpretation; diagnosis discussion; action: Advocacy patient stories describe how CKD diagnosis experiences can involve communication problems, dismissed symptoms and records not seen.",UK,primary care / chronic disease,chronic illness invalidation; lab trend missed; documentation error,low,https://kidneycareuk.org/kidney-disease-information/your-stories/ckd-diagnosis-experiences/,Real health-system patient flows for identifying health issues,"Patient-story source; useful qualitative signal, not a systematic estimate.",2026-05-30,health_system_patient_flows,research_evidence_package/02_extracted_evidence/facts.csv
research_evidence_package_health_system_patient_flows_2026-05-30.tar.gz,F053,S56,The highest-yield diagnostic signals may appear only after a return visit or hospitalization.,Stage: first clinician assessment; medical history; physical exam; labs ordered; action: Study identified primary-care diagnostic errors using EHR triggers such as unplanned hospitalization/return visits/ED visits after index primary-care encounter.,US,primary care,incomplete history; physical exam missed; repeated visits ignored,high,https://jamanetwork.com/journals/jamainternalmedicine/fullarticle/1656540,Real health-system patient flows for identifying health issues,Peer-reviewed diagnostic-error study; old but foundational.,2026-05-30,health_system_patient_flows,research_evidence_package/02_extracted_evidence/facts.csv
research_evidence_package_missed_signals_diagnostic_errors_2026-05-30.tar.gz,F-001,derived_from_case_library,Pattern 'symptom dismissed' appeared in 6 case-library rows.,Patient's stated severity or persistence is treated as low-signal.,multiple,multiple care settings,symptom dismissed,derived synthesis,04_topic_outputs/tables/research_b_missed_signals_case_library.xlsx,"Research B - missed signals, diagnostic errors, and late discovery cases","B-002, B-006, B-019, B-020, B-023, B-024",2026-05-30,missed_signals_diagnostic_errors,research_evidence_package/02_extracted_evidence/facts.csv
research_evidence_package_missed_signals_diagnostic_errors_2026-05-30.tar.gz,F-002,derived_from_case_library,Pattern 'mental-health misattribution' appeared in 3 case-library rows.,Physical illness is explained as anxiety/panic/stress before high-risk alternatives are ruled out.,multiple,multiple care settings,mental-health misattribution,derived synthesis,04_topic_outputs/tables/research_b_missed_signals_case_library.xlsx,"Research B - missed signals, diagnostic errors, and late discovery cases","B-003, B-021, B-023",2026-05-30,missed_signals_diagnostic_errors,research_evidence_package/02_extracted_evidence/facts.csv
research_evidence_package_missed_signals_diagnostic_errors_2026-05-30.tar.gz,F-003,derived_from_case_library,Pattern 'normal-test trap' appeared in 7 case-library rows.,A normal prior/current test is overgeneralized beyond its scope or timing.,multiple,multiple care settings,normal-test trap,derived synthesis,04_topic_outputs/tables/research_b_missed_signals_case_library.xlsx,"Research B - missed signals, diagnostic errors, and late discovery cases","B-001, B-003, B-004, B-009, B-016, B-021, B-023",2026-05-30,missed_signals_diagnostic_errors,research_evidence_package/02_extracted_evidence/facts.csv
research_evidence_package_missed_signals_diagnostic_errors_2026-05-30.tar.gz,F-004,derived_from_case_library,Pattern 'abnormal result not followed up' appeared in 9 case-library rows.,Abnormal lab/imaging/result exists but does not become action.,multiple,multiple care settings,abnormal result not followed up,derived synthesis,04_topic_outputs/tables/research_b_missed_signals_case_library.xlsx,"Research B - missed signals, diagnostic errors, and late discovery cases","B-005, B-008, B-011, B-012, B-013, B-015, B-017, B-018, B-019",2026-05-30,missed_signals_diagnostic_errors,research_evidence_package/02_extracted_evidence/facts.csv
research_evidence_package_missed_signals_diagnostic_errors_2026-05-30.tar.gz,F-005,derived_from_case_library,Pattern 'repeated visits ignored' appeared in 7 case-library rows.,Return visits are handled as new isolated encounters instead of escalation signals.,multiple,multiple care settings,repeated visits ignored,derived synthesis,04_topic_outputs/tables/research_b_missed_signals_case_library.xlsx,"Research B - missed signals, diagnostic errors, and late discovery cases","B-006, B-009, B-010, B-024, B-025, B-028, B-030",2026-05-30,missed_signals_diagnostic_errors,research_evidence_package/02_extracted_evidence/facts.csv
research_evidence_package_missed_signals_diagnostic_errors_2026-05-30.tar.gz,F-006,derived_from_case_library,Pattern 'no one connected the dots' appeared in 7 case-library rows.,"Signals distributed across time, specialties, or notes never assemble into a pattern.",multiple,multiple care settings,no one connected the dots,derived synthesis,04_topic_outputs/tables/research_b_missed_signals_case_library.xlsx,"Research B - missed signals, diagnostic errors, and late discovery cases","B-001, B-002, B-009, B-014, B-024, B-028, B-032",2026-05-30,missed_signals_diagnostic_errors,research_evidence_package/02_extracted_evidence/facts.csv
research_evidence_package_missed_signals_diagnostic_errors_2026-05-30.tar.gz,F-007,derived_from_case_library,Pattern 'poor handoff' appeared in 6 case-library rows.,Important data crosses team/shift/setting boundaries without reliable receipt/action.,multiple,multiple care settings,poor handoff,derived synthesis,04_topic_outputs/tables/research_b_missed_signals_case_library.xlsx,"Research B - missed signals, diagnostic errors, and late discovery cases","B-007, B-008, B-011, B-012, B-017, B-018",2026-05-30,missed_signals_diagnostic_errors,research_evidence_package/02_extracted_evidence/facts.csv
research_evidence_package_missed_signals_diagnostic_errors_2026-05-30.tar.gz,F-008,derived_from_case_library,Pattern 'no follow-up ownership' appeared in 7 case-library rows.,"A necessary next step exists, but no named accountable person owns it.",multiple,multiple care settings,no follow-up ownership,derived synthesis,04_topic_outputs/tables/research_b_missed_signals_case_library.xlsx,"Research B - missed signals, diagnostic errors, and late discovery cases","B-005, B-011, B-012, B-017, B-018, B-025, B-027",2026-05-30,missed_signals_diagnostic_errors,research_evidence_package/02_extracted_evidence/facts.csv
research_evidence_package_missed_signals_diagnostic_errors_2026-05-30.tar.gz,F-009,derived_from_case_library,Pattern 'referral delay' appeared in 7 case-library rows.,"Patient needs another expertise/pathway but referral is late, absent, or not completed.",multiple,multiple care settings,referral delay,derived synthesis,04_topic_outputs/tables/research_b_missed_signals_case_library.xlsx,"Research B - missed signals, diagnostic errors, and late discovery cases","B-001, B-002, B-005, B-025, B-029, B-031, B-032",2026-05-30,missed_signals_diagnostic_errors,research_evidence_package/02_extracted_evidence/facts.csv
research_evidence_package_missed_signals_diagnostic_errors_2026-05-30.tar.gz,F-010,derived_from_case_library,Pattern 'red flag missed' appeared in 9 case-library rows.,Time-sensitive warning sign is present but not elevated.,multiple,multiple care settings,red flag missed,derived synthesis,04_topic_outputs/tables/research_b_missed_signals_case_library.xlsx,"Research B - missed signals, diagnostic errors, and late discovery cases","B-004, B-005, B-006, B-007, B-010, B-013, B-016, B-030, B-031",2026-05-30,missed_signals_diagnostic_errors,research_evidence_package/02_extracted_evidence/facts.csv
research_evidence_package_missed_signals_diagnostic_errors_2026-05-30.tar.gz,F-011,derived_from_case_library,Pattern 'patient self-advocacy required' appeared in 6 case-library rows.,"Diagnosis advances only after patient/family insists, researches, or returns repeatedly.",multiple,multiple care settings,patient self-advocacy required,derived synthesis,04_topic_outputs/tables/research_b_missed_signals_case_library.xlsx,"Research B - missed signals, diagnostic errors, and late discovery cases","B-002, B-003, B-020, B-021, B-023, B-024",2026-05-30,missed_signals_diagnostic_errors,research_evidence_package/02_extracted_evidence/facts.csv
research_evidence_package_missed_signals_diagnostic_errors_2026-05-30.tar.gz,F-012,derived_from_case_library,Pattern 'low-resource diagnostic supply gap' appeared in 3 case-library rows.,The test/referral needed to identify disease is unavailable or unreliable.,multiple,multiple care settings,low-resource diagnostic supply gap,derived synthesis,04_topic_outputs/tables/research_b_missed_signals_case_library.xlsx,"Research B - missed signals, diagnostic errors, and late discovery cases","B-025, B-026, B-027",2026-05-30,missed_signals_diagnostic_errors,research_evidence_package/02_extracted_evidence/facts.csv
research_evidence_package_patient_complaints_identification_failures_2026-05-30.tar.gz,F001,S029,"Patient complaints can reveal diagnosis-related safety concerns including return visits, interpersonal issues, and diagnostic testing problems.",AHRQ PSNet summary of BMJ Quality & Safety complaint-analysis study.,United States / general,complaint review / diagnostic safety,complaint mining,high,https://psnet.ahrq.gov/issue/use-patient-complaints-identify-diagnosis-related-safety-concerns-mixed-method-evaluation,"Research C - Patient complaints, raw quotes, reviews, and experience data about health-system identification failures",Fact extracted from completed research summary; verify original source for exact wording.,2026-05-30,patient_complaints_identification_failures,research_evidence_package/02_extracted_evidence/facts.csv
research_evidence_package_patient_complaints_identification_failures_2026-05-30.tar.gz,F002,S011,"HSSIB found delayed diagnosis risk in GP practices can involve repeated contacts, continuity gaps, and IT limitations.",Brian case and national investigation on continuity of care.,"England, UK","GP, out-of-hours, ED",continuity failure,high,https://www.hssib.org.uk/patient-safety-investigations/continuity-of-care-delayed-diagnosis-in-gp-practices/investigation-report/,"Research C - Patient complaints, raw quotes, reviews, and experience data about health-system identification failures",Fact extracted from completed research summary; verify original source for exact wording.,2026-05-30,patient_complaints_identification_failures,research_evidence_package/02_extracted_evidence/facts.csv
research_evidence_package_patient_complaints_identification_failures_2026-05-30.tar.gz,F003,S015,HDC guidance emphasizes responsibility for follow-up of abnormal test results and patient communication.,Follow-up of test results article.,New Zealand,primary and secondary care,result follow-up,high,https://www.hdc.org.nz/news-resources/search-resources/articles/follow-up-of-test-results/,"Research C - Patient complaints, raw quotes, reviews, and experience data about health-system identification failures",Fact extracted from completed research summary; verify original source for exact wording.,2026-05-30,patient_complaints_identification_failures,research_evidence_package/02_extracted_evidence/facts.csv
research_evidence_package_patient_complaints_identification_failures_2026-05-30.tar.gz,F004,S036,"Martha’s Rule creates a rapid review route when patients, families, or carers feel deterioration concerns are not being answered.",NHS England current patient safety initiative.,"England, UK",inpatient acute care,patient/family escalation,high,https://www.england.nhs.uk/patient-safety/marthas-rule/,"Research C - Patient complaints, raw quotes, reviews, and experience data about health-system identification failures",Fact extracted from completed research summary; verify original source for exact wording.,2026-05-30,patient_complaints_identification_failures,research_evidence_package/02_extracted_evidence/facts.csv
research_evidence_package_patient_complaints_identification_failures_2026-05-30.tar.gz,F005,S031,Emergency departments are a recognized setting for diagnostic error and delayed/missed diagnosis research.,AHRQ/NCBI systematic review on ED diagnostic errors.,US / international evidence base,emergency department,diagnostic error,high,https://www.ncbi.nlm.nih.gov/sites/books/NBK588118/,"Research C - Patient complaints, raw quotes, reviews, and experience data about health-system identification failures",Fact extracted from completed research summary; verify original source for exact wording.,2026-05-30,patient_complaints_identification_failures,research_evidence_package/02_extracted_evidence/facts.csv
research_evidence_package_patient_complaints_identification_failures_2026-05-30.tar.gz,F006,S032,Symptom invalidation in difficult-to-diagnose chronic conditions can cause lasting psychological and care-seeking harms.,Rutgers Health summary of review of qualitative studies.,international,chronic/difficult-to-diagnose conditions,invalidation harm,high,https://rutgershealth.org/news/when-doctors-dismiss-symptoms-patients-suffer-lasting-harm,"Research C - Patient complaints, raw quotes, reviews, and experience data about health-system identification failures",Fact extracted from completed research summary; verify original source for exact wording.,2026-05-30,patient_complaints_identification_failures,research_evidence_package/02_extracted_evidence/facts.csv
research_evidence_package_patient_complaints_identification_failures_2026-05-30.tar.gz,F007,S024,Bowel Cancer UK reports repeated GP visits and family-history gaps among younger bowel-cancer diagnostic experiences.,Never Too Young campaign page.,UK,primary care/referral,younger bowel cancer delay,medium,https://www.bowelcanceruk.org.uk/campaigning/never-too-young/never-too-young-the-campaign/,"Research C - Patient complaints, raw quotes, reviews, and experience data about health-system identification failures",Fact extracted from completed research summary; verify original source for exact wording.,2026-05-30,patient_complaints_identification_failures,research_evidence_package/02_extracted_evidence/facts.csv
research_evidence_package_patient_complaints_identification_failures_2026-05-30.tar.gz,F008,S028,"South India cancer-delay study identified patient, family, practitioner, and system-level delay factors including access and referral barriers.",Peer-reviewed qualitative study in Bengaluru.,"Bengaluru, South India",cancer help-seeking/referral,cancer diagnostic delay,high,https://link.springer.com/article/10.1007/s40847-022-00221-0,"Research C - Patient complaints, raw quotes, reviews, and experience data about health-system identification failures",Fact extracted from completed research summary; verify original source for exact wording.,2026-05-30,patient_complaints_identification_failures,research_evidence_package/02_extracted_evidence/facts.csv
research_evidence_package_patient_complaints_identification_failures_2026-05-30.tar.gz,F009,S033,Virtual care diagnostic safety depends on recognizing physical examination limitations and ensuring in-person alternatives.,AHRQ PSNet case review.,United States,telehealth,telehealth limitation,high,https://psnet.ahrq.gov/web-mm/delayed-diagnosis-setting-virtual-care-remembering-physical-examination,"Research C - Patient complaints, raw quotes, reviews, and experience data about health-system identification failures",Fact extracted from completed research summary; verify original source for exact wording.,2026-05-30,patient_complaints_identification_failures,research_evidence_package/02_extracted_evidence/facts.csv
research_evidence_package_patient_complaints_identification_failures_2026-05-30.tar.gz,F010,S013,A positive prostate cancer histology result was not actioned for about six months due to shared-system understanding gaps.,HDC decision.,New Zealand,secondary hospital / shared system,abnormal result not followed up,high,https://www.hdc.org.nz/decisions/search-decisions/2025/22hdc02105/,"Research C - Patient complaints, raw quotes, reviews, and experience data about health-system identification failures",Fact extracted from completed research summary; verify original source for exact wording.,2026-05-30,patient_complaints_identification_failures,research_evidence_package/02_extracted_evidence/facts.csv
